,NB2_S_1_NYZ_sys_x_PcwOut_x,NB2_S_1_NYZ_sys_x_PcwIn_x,NB2_S_1_NYZ_cwp_9_HzSPR_x,NB2_S_1_NYZ_cwp_10_HzSPR_x,NB2_S_1_NYZ_cwp_11_HzSPR_x,NB2_S_1_NYZ_cwp_12_HzSPR_x,NB2_S_x_NYZ_x_x_Fcw_x,cwp_9_val_pos,cwp_10_val_pos,cwp_11_val_pos,cwp_12_val_pos,ts
0,429991.6667,392013.6667,25.00201167,0,0,0,270.4130495,1,0.001,0.001,0.001,1625070570
1,442838.1667,406149.8333,25.00392667,0,0,0,269.8002324,1,0.001,0.001,0.001,1625074170
2,451606.6667,416405.5,25.22036,0,0,0,274.7514699,1,0.001,0.001,0.001,1625077770
3,459100.1667,424175.1667,25.28126333,0,0,0,275.8026449,1,0.001,0.001,0.001,1625081370
4,480294.6667,445370.1667,25.48268833,0,0,0,279.2232255,1,0.001,0.001,0.001,1625084970
5,473379,436357.3333,25.088545,0,0,0,272.5273227,1,0.001,0.001,0.001,1625088570
32,409172,336646.6667,0,25,0,0,237.5113426,0.001,1,0.001,0.001,1625185770
33,417809.8333,341348.5,0,25,0,0,234.3084694,0.001,1,0.001,0.001,1625189370
34,455758.5,379268.1667,0,25,0,0,177.4324343,0.001,1,0.001,0.001,1625192970
35,558405.6667,482190.5,0,25,0,0,177.987444,0.001,1,0.001,0.001,1625196570
36,521730.3333,447222.3333,0,25,0,0,238.3341736,0.001,1,0.001,0.001,1625200170
37,364207.3333,307827.6667,0,23.36165889,0,0,250.1624352,0.001,1,0.001,0.001,1625203770
38,319170.3333,255990,0,25.00049,0,0,244.9433222,0.001,1,0.001,0.001,1625207370
39,379196.1667,310880.1667,0,25.00026667,0,0,243.1448968,0.001,1,0.001,0.001,1625210970
104,372453.5,296889.6667,23.36111111,0,0,0,202.3936532,1,0.001,0.001,0.001,1625444970
105,332494.1667,251418.3333,25,0,0,0,235.711312,1,0.001,0.001,0.001,1625448570
106,332016.3333,250231,25,0,0,0,235.9145019,1,0.001,0.001,0.001,1625452170
107,334461.6667,251389.3333,25,0,0,0,232.6795653,1,0.001,0.001,0.001,1625455770
108,336834.6667,253631.5,25,0,0,0,233.1879361,1,0.001,0.001,0.001,1625459370
109,444618.1667,361386.5,25,0,0,0,235.4054468,1,0.001,0.001,0.001,1625462970
110,636458.6667,590929.3333,26.18173,0,0,6.981794667,339.6821218,1,0.001,0.001,1,1625466570
111,387384.3333,324060,25.001915,0,0,25.001915,509.8572407,1,0.001,0.001,1,1625470170
112,340176.6667,291739,12.26885917,0,0,11.97674347,373.2541019,1,0.001,0.001,1,1625473770
114,355106.6667,280425.6667,0,0,0,25,233.1902162,0.001,0.001,0.001,1,1625480970
115,322135.8333,248003.3333,0,0,0,25,245.0651778,0.001,0.001,0.001,1,1625484570
116,327459.6667,253761.5,0,0,0,25,246.9609472,0.001,0.001,0.001,1,1625488170
118,514496.5,424768.5,0,0,0,25,234.0485398,0.001,0.001,0.001,1,1625495370
119,458232.5,369241.5,0,0,0,25,233.6192083,0.001,0.001,0.001,1,1625498970
128,329340.5,297858.6667,0,27.64644833,0,0,296.6640005,0.001,1,0.001,0.001,1625531370
129,321166.1667,251505.5,0,25.19362,0,23.51404533,468.0535833,0.001,1,0.001,1,1625534970
130,340277.3333,252691.1667,0,25.00000167,0,25.00000167,460.7250972,0.001,1,0.001,1,1625538570
131,380758.1667,328501.1667,0,8.467976667,0,25.40393,354.5518139,0.001,1,0.001,1,1625542170
132,476837.6667,446861.1667,0,0,0,26.06150833,291.7643241,0.001,0.001,0.001,1,1625545770
133,540986.8333,501664,0,0,5.773102472,26.64952167,340.1446157,0.001,0.001,1,1,1625549370
134,663874.3333,587472,0,7.919517194,25,25.00900167,552.1180741,0.001,1,1,1,1625552970
135,509476.8333,410040.3333,0,26.53474333,25,26.53474333,686.8656528,0.001,1,1,1,1625556570
136,562167.5,459000,12.31440189,32.12467333,25,32.12467333,949.0871389,1,1,1,1,1625560170
137,355989.6667,264294.1667,29.167635,29.167635,2.916666667,29.167635,896.0389028,1,1,1,1,1625563770
138,351403.5,263426.6667,27.96254167,27.96262667,0,27.96259333,816.871838,1,1,0.001,1,1625567370
139,330035,243577.5,27.2282,27.2282,0,27.2282,783.852875,1,1,0.001,1,1625570970
140,323581.8333,238426.6667,27.03877833,27.03880333,0,27.03880333,786.5280417,1,1,0.001,1,1625574570
141,342375.5,258290,26.59841,26.59841,0,26.59841,769.9941806,1,1,0.001,1,1625578170
142,323712.1667,240669.1667,26.41798333,26.41798333,0,26.41798333,758.3355324,1,1,0.001,1,1625581770
143,326909.6667,246469.1667,25.77461333,25.77461333,0,25.77461333,738.4668148,1,1,0.001,1,1625585370
144,341739.1667,262702.1667,25.42944667,25.42944667,0,25.42944667,725.3818519,1,1,0.001,1,1625588970
145,353703.6667,275752.5,25.615825,25.615825,0,25.615825,738.9268194,1,1,0.001,1,1625592570
146,353601.6667,276997.3333,25.62897833,25.62897833,0,25.62897833,738.9124583,1,1,0.001,1,1625596170
151,483290.3333,435763.6667,8.6204275,28.73475833,0,0,373.8962083,1,1,0.001,0.001,1625614170
152,361849,273596.5,30.23039167,30.23039167,0,26.70351264,855.2274722,1,1,0.001,1,1625617770
153,344588.8333,254890,27.83104,27.83093667,0,27.83093667,806.1988056,1,1,0.001,1,1625621370
154,340870.5,255150.6667,27.231025,27.23110333,0,27.23110333,786.3733009,1,1,0.001,1,1625624970
155,352995.8333,260721.1667,27.0888,27.0888,0,27.0888,765.7861296,1,1,0.001,1,1625628570
156,424146.6667,326940,26.98135,26.98138667,0,26.98138667,751.1340509,1,1,0.001,1,1625632170
157,412124.6667,306467.3333,26.416305,26.41633833,11.66666667,26.41633833,791.4118102,1,1,1,1,1625635770
158,382696.6667,262920.1667,25.88295333,25.88296167,25,25.88296167,835.042338,1,1,1,1,1625639370
159,364815.1667,246108.3333,25.65286,25.65265333,25,25.65265333,816.8297176,1,1,1,1,1625642970
160,368185.3333,251504.6667,25.58542167,25.58557167,25,25.585375,823.2003519,1,1,1,1,1625646570
161,372179.3333,254109.5,25.34799333,25.34792333,25.10058667,23.65806178,797.5189769,1,1,1,1,1625650170
162,369474.1667,272107.6667,25.44284333,25.44284333,25.44286667,0,666.6196343,1,1,1,0.001,1625653770
163,361083,269372.6667,25.040695,25.040695,25.040695,0,666.6578519,1,1,1,0.001,1625657370
164,343589.8333,250999.1667,25.10203667,25.10203667,25.10203667,0,668.1640324,1,1,1,0.001,1625660970
165,342261.1667,249233.8333,25.12899833,25.12899833,25.12899833,0,666.2647639,1,1,1,0.001,1625664570
166,349624.1667,254977.3333,25.036535,25.036535,25.036535,0,661.0135463,1,1,1,0.001,1625668170
167,333060.1667,238890.5,25.02224833,25.02224833,25.02224833,0,658.0607315,1,1,1,0.001,1625671770
168,347932.1667,253777.5,25.08795,25.08795,25.08795,0,663.2493611,1,1,1,0.001,1625675370
169,382914,320313,27.20052333,27.20052333,2.720052333,0,584.5756065,1,1,1,0.001,1625678970
170,353950.6667,298508.6667,25.16606667,7.130385556,0,0,331.6705894,1,1,0.001,0.001,1625682570
171,354170,319440,25.0008,0,0,0,272.4657778,1,0.001,0.001,0.001,1625685060
173,448400.1754,437149.4737,25.0008,0,0,0,272.4657778,1,0.001,0.001,0.001,1625693460
177,369681.0909,283632.3636,15.45485117,9.545643372,9.545643372,9.545643372,671.6322212,1,1,1,1,1625707920
178,365799.5,277836.1667,0,25.07551333,25.07558333,25.07558333,679.1046944,0.001,1,1,1,1625711370
179,353095.1667,251475.3333,0,27.22884,27.22884,27.22884,727.8409769,0.001,1,1,1,1625714970
180,349942.1667,253761.3333,0,26.89321667,26.89321667,26.89321667,737.2323111,0.001,1,1,1,1625718570
181,342013.3333,250086.5,0,25.99806333,25.99806333,25.99806333,709.5921898,0.001,1,1,1,1625722170
182,339816,246094,0,26.38147167,26.38147167,26.38147167,717.569537,0.001,1,1,1,1625725770
183,349812,258537.1667,0,25.96886,25.96886,25.96886,712.1188148,0.001,1,1,1,1625729370
184,350231.5,258189.3333,0,25.03075833,25.03075833,25.03075833,668.2799676,0.001,1,1,1,1625732970
185,344951.5,250594.5,0,23.75084075,25.000885,25.000885,650.8812917,0.001,1,1,1,1625736570
186,361067.5,301302.3333,0,0,25.59407167,25.59407167,527.8527407,0.001,0.001,1,1,1625740170
187,313165.6667,251345.5,0,0,25.00464,25.00464,512.0718657,0.001,0.001,1,1,1625743770
188,318721.6667,247236.6667,0,0,25.00081,25.00081,494.3518611,0.001,0.001,1,1,1625747370
189,338671,266001.8333,0,0,20.61439256,25.24211333,453.9610324,0.001,0.001,1,1,1625750970
190,414627,385633.6667,0,0,0,29.68213667,336.5633981,0.001,0.001,0.001,1,1625754570
191,467404.8333,442158.5,0,0,0,28.27870833,323.4748009,0.001,0.001,0.001,1,1625758170
192,487414,463831.6667,0,0,0,28.00959333,322.5754167,0.001,0.001,0.001,1,1625761770
193,491638.5,468634.6667,0,0,0,27.98871833,320.5428333,0.001,0.001,0.001,1,1625765370
194,408362.8333,366739.5,0,0,0,25.154745,276.4674977,0.001,0.001,0.001,1,1625768970
199,441840.6667,400780.8333,28.99011583,0,0,16.49437625,457.8831935,1,0.001,0.001,1,1625786970
200,317521,256626.6667,28.80839333,0,0,28.80864667,617.8611759,1,0.001,0.001,1,1625790570
201,357683,294748.6667,7.104623556,0,24.4221725,26.64237,592.438963,1,0.001,1,1,1625794170
202,383130.1667,327112.6667,0,0,27.05090833,27.05090833,575.8078472,0.001,0.001,1,1,1625797770
203,410749.6667,357971.8333,0,0,27.09109167,27.09109167,582.2213981,0.001,0.001,1,1,1625801370
204,413078.8333,361921.6667,0,0,27.42665833,27.42665833,597.9305093,0.001,0.001,1,1,1625804970
205,414423.1667,365958.6667,0,0,26.713985,26.713985,582.8473889,0.001,0.001,1,1,1625808570
206,423409.1667,377965.3333,0,0,26.09670667,26.09670667,570.6652639,0.001,0.001,1,1,1625812170
207,425231.3333,381018.3333,0,0,25.66916667,25.66916667,559.589963,0.001,0.001,1,1,1625815770
208,380931.8333,336676.1667,0,0,25.24914167,25.24914167,546.916625,0.001,0.001,1,1,1625819370
209,344762.6667,300520.8333,0,0,25.01172333,25.01172333,540.1077963,0.001,0.001,1,1,1625822970
210,292780.8333,244706,0,0,25.00193167,25.00193167,533.7978287,0.001,0.001,1,1,1625826570
211,297106.3333,244386.5,0,0,25.00066833,25.00066833,527.8783519,0.001,0.001,1,1,1625830170
212,330108.1667,280006,0,0,25.00166833,25.00166833,534.3241574,0.001,0.001,1,1,1625833770
213,329731.1667,280382.3333,0,0,25.00197,25.002095,534.2309352,0.001,0.001,1,1,1625837370
214,306279.3333,254600.5,0,0,25.001065,25.001105,529.7839167,0.001,0.001,1,1,1625840970
215,296484.8333,244402.1667,0,0,25.22084667,25.22087167,534.4888981,0.001,0.001,1,1,1625844570
216,319169.6667,279224.6667,0,0,25.18378167,5.876169056,340.7725343,0.001,0.001,1,1,1625848170
224,355757.3333,248451.8333,0,25,0,0,206.7131806,0.001,1,0.001,0.001,1625876970
225,357928.6667,250521.3333,0,25,0,0,208.9495856,0.001,1,0.001,0.001,1625880570
226,358680.3333,251113.8333,0,25,0,0,190.7644125,0.001,1,0.001,0.001,1625884170
228,514091.1667,406264.3333,0,25,0,0,209.8209333,0.001,1,0.001,0.001,1625891370
229,561676,453790.6667,0,25,0,0,211.5425148,0.001,1,0.001,0.001,1625894970
230,546730.6667,438816.3333,0,25,0,0,210.1296898,0.001,1,0.001,0.001,1625898570
231,555454,447989.3333,0,25,0,0,208.8453449,0.001,1,0.001,0.001,1625902170
232,509953.8333,401982.1667,0,25.05,0,0,206.0131889,0.001,1,0.001,0.001,1625905770
233,368344.1667,252719.5,0,26,0,0,215.4046542,0.001,1,0.001,0.001,1625909370
234,369083.1667,256799.5,0,25.56666667,0,0,174.8026491,0.001,1,0.001,0.001,1625912970
236,493547.3333,385546.5,0,25,0,0,151.8028644,0.001,1,0.001,0.001,1625920170
237,472236.5,364120.1667,0,25,0,0,146.5748394,0.001,1,0.001,0.001,1625923770
238,457682.5,349696.6667,0,25,0,0,153.8412514,0.001,1,0.001,0.001,1625927370
239,532117.8333,425709.5,0,24.17361111,0,0,209.709762,0.001,1,0.001,0.001,1625930970
248,365610.3333,267347,0,25.032535,0,0,216.1303185,0.001,1,0.001,0.001,1625963370
249,356018.8333,266926.8333,0,25.04296667,0,0,225.5760389,0.001,1,0.001,0.001,1625966970
250,342318.1667,252951.3333,0,25,0,0,221.8588199,0.001,1,0.001,0.001,1625970570
251,343692,254094.5,0,25,0,0,223.9477639,0.001,1,0.001,0.001,1625974170
252,366232.3333,276822.5,0,25,0,0,223.4157292,0.001,1,0.001,0.001,1625977770
253,374232.3333,284707,0,25,0,0,225.5214495,0.001,1,0.001,0.001,1625981370
254,354425.6667,264829.1667,0,25,0,0,223.1055282,0.001,1,0.001,0.001,1625984970
255,362196.1667,272468.5,0,25,0,0,224.6958435,0.001,1,0.001,0.001,1625988570
272,387109.8333,296325.3333,0,9.723709444,29.17112833,0,355.4995079,0.001,1,1,0.001,1626049770
273,325998.1667,234533.6667,0,27.00012333,27.00012333,0,514.9223426,0.001,1,1,0.001,1626053370
274,321281.5,207509.5,0,27,27,0,474.5465556,0.001,1,1,0.001,1626056970
275,322222.1667,218981.1667,0,26.51666667,26.51666667,0,477.2869074,0.001,1,1,0.001,1626060570
276,345731.3333,246673.1667,0,25.66666667,25.66666667,0,460.1801991,0.001,1,1,0.001,1626064170
277,372511.6667,296687.1667,0,25.84895333,25.84895333,0,498.380338,0.001,1,1,0.001,1626067770
278,394589.6667,326549.3333,0,25.79856833,25.79856833,0,511.3510833,0.001,1,1,0.001,1626071370
279,428704.1667,348900.5,0,27.54747833,27.54747833,0,547.8630185,0.001,1,1,0.001,1626074970
280,427242.1667,360083.8333,0,2.501718333,25.01718333,0,278.5940773,0.001,1,1,0.001,1626078570
281,368316.1667,282855.3333,0,0,25,0,143.0006884,0.001,0.001,1,0.001,1626082170
282,496571.8333,410937.3333,0,0,25,0,161.1334167,0.001,0.001,1,0.001,1626085770
283,436617.5,350144.5,0,0,25,0,232.3218097,0.001,0.001,1,0.001,1626089370
284,358232,272294.3333,0,0,25,0,231.1075588,0.001,0.001,1,0.001,1626092970
285,331351.8333,245384.5,0,0,25,0,216.657637,0.001,0.001,1,0.001,1626096570
286,398495.8333,312355.3333,0,0,25,0,160.4582801,0.001,0.001,1,0.001,1626100170
287,519386.6667,433666,0,0,25,0,232.4351245,0.001,0.001,1,0.001,1626103770
295,439727.5,372396.5,0,0,13.29416667,0,165.9401528,0.001,0.001,1,0.001,1626132570
296,317462.6667,274247.6667,0,0,25.25434333,18.09879914,458.922206,0.001,0.001,1,1,1626136170
297,314829.5,249552,0,17.34314617,26.68176333,26.68176333,708.0845787,0.001,1,1,1,1626139770
298,321542.1667,242245.1667,0,26.27350167,26.27350167,26.27350167,757.8816019,0.001,1,1,1,1626143370
299,343866,266782.6667,0,25.76707333,25.76707333,25.76707333,736.7610787,0.001,1,1,1,1626146970
300,361024.6667,282262.8333,0,25.12148667,25.12148667,25.12148667,703.7708981,0.001,1,1,1,1626150570
301,364612.5,286746.8333,0,25.00501167,25.00501167,25.00501167,699.6262546,0.001,1,1,1,1626154170
302,372453.6667,292230.6667,0,25.611105,25.611105,20.06208969,675.5317454,0.001,1,1,1,1626157770
303,342361.8333,265307.1667,0,26.93130167,26.93130167,0,531.6534537,0.001,1,1,0.001,1626161370
304,323611,244749.1667,0,15.665792,26.10965333,0,426.1046361,0.001,1,1,0.001,1626164970
305,333203,249334.8333,0,0,25,0,235.3166477,0.001,0.001,1,0.001,1626168570
306,334229.6667,249624,0,0,25,0,234.8378852,0.001,0.001,1,0.001,1626172170
308,475000.3333,371759.3333,0,0,25,0,164.1392875,0.001,0.001,1,0.001,1626179370
309,510431.1667,407350.1667,0,0,25,0,214.8408991,0.001,0.001,1,0.001,1626182970
310,510763.6667,407538.1667,0,0,25,0,216.2817213,0.001,0.001,1,0.001,1626186570
311,572873.5,469415.1667,0,0,25,0,213.1268968,0.001,0.001,1,0.001,1626190170
320,472006.3333,398641.5,0,12.17498967,28.09613,21.0720975,586.3232731,0.001,1,1,1,1626222570
321,375853.6667,260909,0,27.00977667,27.00977667,22.95831017,654.8533981,0.001,1,1,1,1626226170
322,393026.8333,304239.5,0,27.00140667,27.00140667,0,515.1886435,0.001,1,1,0.001,1626229770
323,421194.3333,335098.5,0,26.19596,26.19596,0,496.5904398,0.001,1,1,0.001,1626233370
324,451880.8333,372092.1667,0,26.63891,26.63891,0,518.4091435,0.001,1,1,0.001,1626236970
325,476692,396686.8333,0,27.93152,27.93150167,0,555.7048426,0.001,1,1,0.001,1626240570
326,483897.5,404268.1667,0,28.79928667,28.79928667,0,580.4346759,0.001,1,1,0.001,1626244170
327,531524.8333,457769.3333,0,27.83294167,27.83294167,0,563.2211852,0.001,1,1,0.001,1626247770
328,541464.8333,473308.1667,0,19.94893756,27.20308333,0,474.9787778,0.001,1,1,0.001,1626251370
329,474898.8333,434201.5,0,0,27.00212167,0,293.8143009,0.001,0.001,1,0.001,1626254970
330,312760.5,272685,0,0,27.00256333,0,294.8037407,0.001,0.001,1,0.001,1626258570
331,289178.5,249002.5,0,0,27.00227667,0,292.8578426,0.001,0.001,1,0.001,1626262170
332,290277.6667,248784.6667,0,0,27.00128333,0,293.8657778,0.001,0.001,1,0.001,1626265770
333,293750.1667,249826.5,0,0,27.00108167,0,292.9350833,0.001,0.001,1,0.001,1626269370
334,303284.6667,249754.3333,0,0,27.00046333,0,283.4013306,0.001,0.001,1,0.001,1626272970
335,317158.5,249508.8333,0,0,27,0,271.3161181,0.001,0.001,1,0.001,1626276570
336,333376.8333,249161,0,0,27,0,260.6052185,0.001,0.001,1,0.001,1626280170
337,350448.6667,249059.6667,0,0,27,0,249.2895458,0.001,0.001,1,0.001,1626283770
338,357305.5,250911.5,0,0,27,0,246.8939977,0.001,0.001,1,0.001,1626287370
343,311125.8333,243938.1667,0,26.69184675,30.217185,0,582.8642639,0.001,1,1,0.001,1626305370
344,342881.6667,250709.1667,0,26.98613333,26.98613333,13.49306667,618.7623704,0.001,1,1,1,1626308970
345,360011.6667,250029.5,0,27.043135,27.043135,27.04319667,704.9508472,0.001,1,1,1,1626312570
346,358304.5,250289.5,0,26.26064833,26.26064833,26.26064,677.1567454,0.001,1,1,1,1626316170
347,369213.1667,251215.6667,0,27.65722,27.65675667,27.65672833,708.0618148,0.001,1,1,1,1626319770
348,376866.8333,250578.6667,0,29.317425,29.31785,29.31785,777.9178472,0.001,1,1,1,1626323370
349,380888.6667,250897.3333,0,30.30238,30.30238,30.30265167,812.7804306,0.001,1,1,1,1626326970
350,391450,251996.8333,0,31.73602167,31.736405,31.73646167,860.5594852,0.001,1,1,1,1626330570
351,385575.8333,249711,0,32.72594667,32.72588333,32.72568333,914.2608472,0.001,1,1,1,1626334170
352,382002.3333,251793.6667,0,30.83719333,30.83694667,30.83683333,841.106037,0.001,1,1,1,1626337770
353,371152.1667,249783.3333,0,29.44306,29.44280167,29.44247833,802.4298056,0.001,1,1,1,1626341370
354,360691.6667,252300.3333,0,27.02830667,27.02830667,27.02830667,710.8699676,0.001,1,1,1,1626344970
355,325564,262197,0,0.883849389,26.51579667,26.51580667,563.9542222,0.001,1,1,1,1626348570
356,319286,250737.8333,0,0,27.432895,27.432895,570.1037963,0.001,0.001,1,1,1626352170
357,314062.6667,249710.3333,0,0,25.79968667,25.79968667,531.3002593,0.001,0.001,1,1,1626355770
358,312413.5,248482,0,0,25.20923667,25.20923667,512.3339491,0.001,0.001,1,1,1626359370
359,313542,249421.3333,0,0,25.25808333,25.25808333,514.6680741,0.001,0.001,1,1,1626362970
360,315307.3333,250477.5,0,0,25.22659667,25.22659667,515.0713194,0.001,0.001,1,1,1626366570
361,315264,250433.8333,0,0,25.27254333,25.27279333,513.5560278,0.001,0.001,1,1,1626370170
362,342882.3333,253516.5,0,0,4.191119722,25.14671833,279.7651097,0.001,0.001,1,1,1626373770
367,333348.1667,256250.5,15.8765125,26.61650625,0,28.01733333,650.5130509,1,1,0.001,1,1626391770
368,359621.5,251128.8333,25.00607167,25.00607167,0,25.00607167,639.2009907,1,1,0.001,1,1626395370
369,377878.8333,248393.8333,28.88442833,28.88436833,0,28.88443,753.3858611,1,1,0.001,1,1626398970
370,377257.3333,250029.1667,28.97591,28.97574,0,28.97591,767.9598287,1,1,0.001,1,1626402570
371,379253.3333,250723.6667,29.06864667,29.06861,0,29.06864667,772.2022315,1,1,0.001,1,1626406170
372,372526.8333,252156,28.61919167,28.61918,0,28.61921167,766.1614583,1,1,0.001,1,1626409770
373,367361.5,251822.8333,28.43962667,28.43985667,0,28.43985667,768.8944213,1,1,0.001,1,1626413370
374,357783.3333,250694.3333,27.6155,27.6155,0,27.6155,750.7413796,1,1,0.001,1,1626416970
375,347323.8333,249378.3333,26.22644,26.22650833,0,26.22644,713.9024167,1,1,0.001,1,1626420570
376,343822.1667,249001.6667,25.52367,25.52367,0,25.52367,690.426838,1,1,0.001,1,1626424170
377,346369,250650.6667,25.11707833,25.11707833,0,25.11707833,664.4821111,1,1,0.001,1,1626427770
378,345674.5,249175.8333,25.08159667,25.08159667,0,25.08159667,661.8419583,1,1,0.001,1,1626431370
379,345298.6667,248307.5,25.33217667,25.33217667,0,25.33217667,673.3964815,1,1,0.001,1,1626434970
380,325000.3333,258044,26.98938667,5.397877333,0,26.98938667,606.3532639,1,1,0.001,1,1626438570
381,308405.8333,249653.5,26.33545333,0,0,26.33545333,554.7414352,1,0.001,0.001,1,1626442170
382,306424.3333,249536.8333,25.71328833,0,0,25.71328833,538.4715556,1,0.001,0.001,1,1626445770
383,303848.6667,247830.3333,25.28029833,0,0,25.28029833,525.0152083,1,0.001,0.001,1,1626449370
384,304499.5,248568.1667,25.371305,0,0,25.371305,528.5698704,1,0.001,0.001,1,1626452970
385,306539.3333,250520.6667,25.28102333,0,0,25.28102333,527.1031667,1,0.001,0.001,1,1626456570
386,365031.8333,253848.3333,25.00146167,0,0,20.41786036,371.3898731,1,0.001,0.001,1,1626460170
391,300217.3333,258724.1667,23.04330456,0,26.58779,0,515.4542546,1,0.001,1,0.001,1626478170
392,306627.1667,250333.5,26.75876833,0,26.75890333,0,563.1820556,1,0.001,1,0.001,1626481770
393,308767.3333,250652,25.93226667,0,25.93206667,0,537.6273426,1,0.001,1,0.001,1626485370
394,306163.5,249522.1667,25.83619333,0,25.83619333,0,538.0093843,1,0.001,1,0.001,1626488970
395,302069,246745.3333,27.607345,0,27.60726167,0,588.0238935,1,0.001,1,0.001,1626492570
396,304803.5,250695.1667,27.77273833,0,27.77273833,0,598.5016343,1,0.001,1,0.001,1626496170
397,299421.1667,249985.8333,26.74329333,0,26.74329333,0,574.9196898,1,0.001,1,0.001,1626499770
398,296600.5,249537.3333,26.02691333,0,26.02691333,0,556.7098935,1,0.001,1,0.001,1626503370
399,293923.6667,247974.8333,25.549535,0,25.549535,0,545.6090093,1,0.001,1,0.001,1626506970
400,296542.1667,250333.1667,25.41107333,0,25.41107333,0,540.4471065,1,0.001,1,0.001,1626510570
401,296440.8333,249552.1667,25.236865,0,25.236865,0,536.2968148,1,0.001,1,0.001,1626514170
402,293692,246514.5,25.06470167,0,25.06470167,0,532.2682083,1,0.001,1,0.001,1626517770
403,297237.1667,249827,25.145525,0,25.14559833,0,532.1665602,1,0.001,1,0.001,1626521370
404,299175.1667,250564.1667,25.10324167,0,25.10324167,0,527.754787,1,0.001,1,0.001,1626524970
405,299334.1667,250072.6667,25.03743833,0,25.03743833,0,530.3832963,1,0.001,1,0.001,1626528570
406,298871.8333,248915.5,25.018325,0,25.01824333,0,525.3115556,1,0.001,1,0.001,1626532170
407,308593.1667,265943.3333,26.81735,0,16.98412217,0,458.2753519,1,0.001,1,0.001,1626535770
408,277994.6667,252242.1667,31.28295667,0,0,0,357.2102778,1,0.001,0.001,0.001,1626539370
409,271904.1667,246933.1667,28.81847833,0,0,0,326.9845833,1,0.001,0.001,0.001,1626542970
410,320602,249275.8333,25.11412167,0,0,0,247.5650338,1,0.001,0.001,0.001,1626546570
416,389684.8333,247757.5,0,0,25.05861111,0,180.5076009,0.001,0.001,1,0.001,1626568170
418,380671.6667,248467,0,0,25,0,161.2864708,0.001,0.001,1,0.001,1626575370
419,381380.1667,248987.6667,0,0,25,0,184.1342051,0.001,0.001,1,0.001,1626578970
420,380194.1667,247815.6667,0,0,25,0,184.1617481,0.001,0.001,1,0.001,1626582570
421,384491.6667,251287.5,0,0,25,0,170.4060676,0.001,0.001,1,0.001,1626586170
423,383637.6667,250144.6667,0,0,25,0,171.4193995,0.001,0.001,1,0.001,1626593370
440,349638.8333,250868.5,0,26.16712,0,0,222.3693685,0.001,1,0.001,0.001,1626654570
441,326852.3333,250376.3333,0,27.30886667,0,19.57135444,424.6411713,0.001,1,0.001,1,1626658170
442,364597.8333,279789.1667,0,25.00052667,0,12.91693878,326.5331532,0.001,1,0.001,1,1626661770
443,313715.5,281236.3333,0,25.19175833,0,0,271.0925926,0.001,1,0.001,0.001,1626665370
444,280541.8333,247786.3333,0,25.43727833,0,0,273.5122199,0.001,1,0.001,0.001,1626668970
445,280975.1667,246918.8333,0,25.02938833,0,0,272.2435542,0.001,1,0.001,0.001,1626672570
446,348481.6667,248466.8333,0,25.00049333,0,0,214.7058769,0.001,1,0.001,0.001,1626676170
447,354948.3333,247888.5,0,25,0,0,207.465431,0.001,1,0.001,0.001,1626679770
448,363512.8333,247164.3333,0,25,0,0,197.7924074,0.001,1,0.001,0.001,1626683370
449,381915.6667,252763.1667,0,25,0,0,144.7904181,0.001,1,0.001,0.001,1626686970
451,369719.6667,240871.1667,0,25,0,0,187.1089569,0.001,1,0.001,0.001,1626694170
452,380367.6667,251548.5,0,25,0,0,186.6700097,0.001,1,0.001,0.001,1626697770
453,376866.8333,247844.8333,0,25,0,0,184.8533222,0.001,1,0.001,0.001,1626701370
454,375478.1667,246368.8333,0,25,0,0,188.1538935,0.001,1,0.001,0.001,1626704970
455,380657.1667,251417.3333,0,25,0,0,187.5297569,0.001,1,0.001,0.001,1626708570
456,372858.8333,243895,0,25,0,0,189.6153565,0.001,1,0.001,0.001,1626712170
463,325260.5,253719,0,27.02989833,27.02996333,21.17144897,728.5782731,0.001,1,1,1,1626737370
464,346672,251866.1667,11.21017778,26.90488167,26.90437833,26.90442667,833.6961204,1,1,1,1,1626740970
465,359924.8333,250274.8333,19.73031256,26.90496333,26.90497167,26.90497167,865.7518102,1,1,1,1,1626744570
466,351490.3333,252170.5,0,29.74632333,29.74632333,29.74632333,861.6696435,0.001,1,1,1,1626748170
467,359591.8333,252503.1667,0,29.078175,29.07807833,29.078175,811.4927315,0.001,1,1,1,1626751770
468,355512.6667,251736.3333,0,28.64625333,28.64625333,28.64625333,793.9591852,0.001,1,1,1,1626755370
469,350449,252271.6667,0,27.710325,27.710325,27.710325,767.3837963,0.001,1,1,1,1626758970
470,346788.6667,251504.5,0,27.206145,27.206145,27.206145,748.9678287,0.001,1,1,1,1626762570
471,343026.5,249783.6667,0,26.91514,26.91514,26.91514,742.1689907,0.001,1,1,1,1626766170
472,344545.3333,252358.5,0,26.62939333,26.62939333,26.62939333,730.8208056,0.001,1,1,1,1626769770
473,345732,257682.6667,0,22.95243028,25.98388333,25.98388333,695.3305602,0.001,1,1,1,1626773370
474,318779.1667,259361.3333,0,0,29.12363667,29.12370333,629.3073843,0.001,0.001,1,1,1626776970
475,308377.3333,250130.3333,0,0,29.38334333,29.38343667,636.2341389,0.001,0.001,1,1,1626780570
476,304861.1667,251417.5,0,0,28.13203833,28.13173333,611.5292639,0.001,0.001,1,1,1626784170
477,299406.3333,250072.3333,0,0,26.82589333,26.82589333,578.2873426,0.001,0.001,1,1,1626787770
478,298134.5,250665.6667,0,0,26.172555,26.17247333,562.6537176,0.001,0.001,1,1,1626791370
479,296108.3333,249884.8333,0,0,25.63641167,25.636575,550.2801389,0.001,0.001,1,1,1626794970
480,296744.8333,250564.3333,0,0,25.35162833,25.35168333,542.5275,0.001,0.001,1,1,1626798570
481,300651.8333,253950.1667,0,0,21.38209,25.15529167,511.6697426,0.001,0.001,1,1,1626802170
486,318142.3333,261878,0,9.893780833,12.20232969,13.19170778,472.5433602,0.001,1,1,1,1626820170
487,353675.3333,252749,0,28.20709833,28.20709833,28.20709833,783.1740185,0.001,1,1,1,1626823770
488,340712.6667,254601.5,0,28.28628833,14.14314417,28.28628833,676.4797083,0.001,1,1,1,1626827370
489,307884.5,249798,0,28.78323167,0,28.78323167,622.4308287,0.001,1,0.001,1,1626830970
490,304369.6667,250853.3333,0,28.11657333,0,28.11657333,600.6060139,0.001,1,0.001,1,1626834570
491,302371.8333,249955.6667,0,28.00298167,0,28.00298167,600.893537,0.001,1,0.001,1,1626838170
492,306626.1667,251157.3333,0,29.068925,0,29.068925,625.8949861,0.001,1,0.001,1,1626841770
493,305425.3333,249450.5,0,29.42860167,0,29.42858333,631.8532315,0.001,1,0.001,1,1626845370
494,306236,251735.8333,0,28.96158833,0,28.96158833,620.7875093,0.001,1,0.001,1,1626848970
495,306380.5,250462.8333,0,28.93719333,0,28.93729833,619.3733657,0.001,1,0.001,1,1626852570
496,306250,250246.5,0,28.40588,0,28.405495,602.9015648,0.001,1,0.001,1,1626856170
497,310185.3333,250492.1667,0,28.00098833,0,28.000885,590.264963,0.001,1,0.001,1,1626859770
498,314641.3333,250174.1667,0,28.00030167,0,28.00030167,581.9766667,0.001,1,0.001,1,1626863370
499,314641.3333,249406.8333,0,28,0,28,576.3019954,0.001,1,0.001,1,1626866970
500,315553.1667,249233.5,0,27.90370333,0,27.90370333,574.2391991,0.001,1,0.001,1,1626870570
501,314728.5,251056.5,0,27,0,27,555.1939954,0.001,1,0.001,1,1626874170
502,314554.1667,249956.6667,0,27,0,27,548.4775185,0.001,1,0.001,1,1626877770
503,318056,250969.8333,0,27,0,27,543.1814537,0.001,1,0.001,1,1626881370
504,323104.5,251736.8333,0,27,0,27,541.1860556,0.001,1,0.001,1,1626884970
505,330469,250477.8333,0,27.03333333,0,27.03333333,533.0452778,0.001,1,0.001,1,1626888570
510,300290,268287,0,3.92698175,0,20.94390267,294.8067731,0.001,1,0.001,1,1626906570
511,322816.1667,252677,0,33.89790833,0,33.89790833,720.5236019,0.001,1,0.001,1,1626910170
512,344792.3333,254571.8333,0,30.02331833,19.51515692,30.02331833,762.6089537,0.001,1,1,1,1626913770
513,353299.3333,250752.5,0,27.02418333,27.02418333,27.02418333,719.2589769,0.001,1,1,1,1626917370
514,353978,251635,0,27.003865,27.003865,27.003865,722.9871574,0.001,1,1,1,1626920970
515,355021,252199.3333,0,27.00246,27.002505,27.00246,725.6720093,0.001,1,1,1,1626924570
516,353313.5,250622.3333,0,27.002495,27.00253833,27.002475,722.5024954,0.001,1,1,1,1626928170
517,353400,251070.5,0,27.00268167,27.00268167,27.00273833,726.508787,0.001,1,1,1,1626931770
518,352951.5,250391,0,27.00356333,27.00370667,27.003755,724.6489491,0.001,1,1,1,1626935370
519,354514,250738.1667,0,27.00228167,27.00234,27.00234,723.5662593,0.001,1,1,1,1626938970
520,354614.6667,249899.3333,0,27.00163667,27.001595,27.001485,720.5880556,0.001,1,1,1,1626942570
521,356496.3333,251157.5,0,27.00172833,27.00172833,27.00172833,716.8911852,0.001,1,1,1,1626946170
522,343865.8333,251853,0,17.16493003,27.83486,27.83493833,677.6992269,0.001,1,1,1,1626949770
523,311675.5,251563.1667,0,0,27.76422833,27.76412833,590.6533565,0.001,0.001,1,1,1626953370
524,305468.8333,249059.8333,0,0,27.205875,27.20595167,580.8048102,0.001,0.001,1,1,1626956970
525,306018.1667,251721.8333,0,0,27.00380833,27.00371833,575.8119398,0.001,0.001,1,1,1626960570
526,302647.5,248640.6667,0,0,27.00135667,27.00135667,577.0355417,0.001,0.001,1,1,1626964170
527,305584.1667,251403.5,0,0,27.00135333,27.00135333,580.2103426,0.001,0.001,1,1,1626967770
528,304644,249667,0,0,27.000475,27.000475,576.5698194,0.001,0.001,1,1,1626971370
529,311284.1667,257899.6667,0,0,27.00375667,6.300876556,355.0857963,0.001,0.001,1,1,1626974970
534,295327.6667,252156,0,0,21.71729261,11.08968133,438.831338,0.001,0.001,1,1,1626992970
535,349870.3333,253009.3333,0,26.3301355,30.97663,30.97663,869.9501389,0.001,1,1,1,1626996570
536,353963.6667,252199.5,0,24.71300625,29.074385,29.074565,776.932375,0.001,1,1,1,1627000170
537,330136.3333,250188.1667,0,0,33.89524667,33.89524667,717.0935741,0.001,0.001,1,1,1627003770
538,324870,251403.5,0,0,31.92354,31.92354,678.3366343,0.001,0.001,1,1,1627007370
539,317636.3333,250984.3333,0,0,28.34503,28.34503,597.9878704,0.001,0.001,1,1,1627010970
540,321021.1667,250767,0,0,29.62403333,29.62403333,618.4466389,0.001,0.001,1,1,1627014570
541,321181.1667,250651.8333,0,0,30.47674667,30.47674667,649.8333704,0.001,0.001,1,1,1627018170
542,315219.5,251461.5,0,0,29.352625,29.352625,632.9110602,0.001,0.001,1,1,1627021770
543,313339.6667,250593.8333,0,0,27.09554833,27.09554833,569.3193889,0.001,0.001,1,1,1627025370
544,311155,249305.8333,0,0,26.08655,26.08655,543.9629259,0.001,0.001,1,1,1627028970
545,312544,251518.5,0,0,25.08237333,25.08237333,513.8715278,0.001,0.001,1,1,1627032570
546,315538,249030.8333,0,0,25.11366,25.11366,507.3644583,0.001,0.001,1,1,1627036170
547,319357.8333,250274.8333,0,0,25.05469667,25.05469667,496.3828426,0.001,0.001,1,1,1627039770
548,312529.8333,250333,0,0,25.151235,25.151235,512.9023472,0.001,0.001,1,1,1627043370
549,316594.5,249812.1667,0,0,25.08196333,25.08196333,506.8705231,0.001,0.001,1,1,1627046970
550,311690,248683.5,0,0,25.21232333,25.21232333,516.5908333,0.001,0.001,1,1,1627050570
551,312514.8333,250578.5,0,0,25.5598,25.5598,525.2652269,0.001,0.001,1,1,1627054170
552,310980.8333,249927.8333,0,0,25.54736,25.54736,529.6675926,0.001,0.001,1,1,1627057770
553,318084.8333,251331.8333,0,0,26.666305,6.66657625,343.0569421,0.001,0.001,1,1,1627061370
559,301245.3333,250722.5,26.24846833,0,0,26.24841333,565.1678565,1,0.001,0.001,1,1627082970
560,309910.6667,251446.8333,25.41729333,0,0,25.41710833,523.4294491,1,0.001,0.001,1,1627086570
561,313672.1667,250940.3333,26.00142333,0,0,26.00142333,533.8969444,1,0.001,0.001,1,1627090170
562,311314,250694.3333,26.001575,0,0,26.001455,537.3764722,1,0.001,0.001,1,1627093770
563,309201.8333,250246.1667,26.00103,0,0,26.00103,540.4993565,1,0.001,0.001,1,1627097370
564,308377,251113.6667,26.00142167,0,0,26.00142167,545.5345185,1,0.001,0.001,1,1627100970
569,403993.1667,255598.5,0,0,27,0,203.8235866,0.001,0.001,1,0.001,1627118970
570,401909.8333,253255.3333,0,0,27,0,204.748169,0.001,0.001,1,0.001,1627122570
574,379630.1667,250159.6667,0,0,25,0,172.9730509,0.001,0.001,1,0.001,1627136970
576,378429.5,249161,0,0,25,0,182.4792509,0.001,0.001,1,0.001,1627144170
583,411299,253371,0,0,27.96666667,0,191.9432602,0.001,0.001,1,0.001,1627169370
584,410445.3333,250984.1667,0,0,28,0,195.6140472,0.001,0.001,1,0.001,1627172970
585,375549.8333,245963.6667,0,0,25,0,144.0536153,0.001,0.001,1,0.001,1627176570
586,385112.8333,254412.5,0,0,25,0,186.6672583,0.001,0.001,1,0.001,1627180170
587,379716.8333,247078,0,0,25,0,183.9441421,0.001,0.001,1,0.001,1627183770
588,379919.1667,247512.3333,0,0,25,0,182.8103634,0.001,0.001,1,0.001,1627187370
589,382003,249522.6667,0,0,25,0,184.1162676,0.001,0.001,1,0.001,1627190970
590,382479.8333,250130.8333,0,0,25,0,184.265344,0.001,0.001,1,0.001,1627194570
591,379717.1667,247251.6667,0,0,25,0,185.8702227,0.001,0.001,1,0.001,1627198170
631,354413.3333,254153.3333,0,30.03015667,30.03049333,30.03015667,869.940412,0.001,1,1,1,1627342170
632,341695.3333,251013,0,7.97638725,28.15192167,28.15203333,623.5258843,0.001,1,1,1,1627345770
633,325520.6667,250882.6667,0,0,27.00091833,27.00091833,543.8793194,0.001,0.001,1,1,1627349370
634,320602.3333,249667.3333,0,0,27.0008,27.0008,552.4683056,0.001,0.001,1,1,1627352970
635,317635.8333,251779.6667,0,0,27.00121,27.00121,556.2685741,0.001,0.001,1,1,1627356570
636,314510.6667,251823.1667,0,0,27.001025,27.001025,565.7181852,0.001,0.001,1,1,1627360170
637,310359.3333,250448.6667,0,0,27.00034167,27.00034167,565.462662,0.001,0.001,1,1,1627363770
638,312239.1667,252141.3333,0,0,27.00029333,27.00029333,568.832375,0.001,0.001,1,1,1627367370
639,308188.5,252546.3333,0,0,27.00042167,27.00042167,575.3166296,0.001,0.001,1,1,1627370970
640,304673.8333,249247.8333,0,0,27,27,578.0385324,0.001,0.001,1,1,1627374570
641,309404.3333,251244.5,0,0,27.00022333,27.00022333,575.5626296,0.001,0.001,1,1,1627378170
642,312601.8333,252850.8333,0,0,27,27,568.4934722,0.001,0.001,1,1,1627381770
643,312152.6667,251403.8333,0,0,27,27,570.258412,0.001,0.001,1,1,1627385370
644,314077.5,250550.6667,0,0,27,27,563.6949861,0.001,0.001,1,1,1627388970
645,318041.6667,251070.6667,0,0,27,27,558.9364167,0.001,0.001,1,1,1627392570
646,319416.1667,250738,0,0,27,27,559.2824583,0.001,0.001,1,1,1627396170
647,320211.6667,252575,0,0,27,27,559.2630185,0.001,0.001,1,1,1627399770
648,322396.3333,251620.5,0,0,27,27,554.0686528,0.001,0.001,1,1,1627403370
649,302401.8333,255164.8333,0,0,27.00019833,3.600026444,337.2507722,0.001,0.001,1,1,1627406970
650,289048.6667,250361.1667,0,0,27.00088333,0,292.0850694,0.001,0.001,1,0.001,1627410570
654,269155.8333,235995.8333,0,0,11.42661372,9.622263111,324.2085556,0.001,0.001,1,1,1627424970
655,307712.1667,251432.6667,0,0,27.96237167,27.962625,603.5917037,0.001,0.001,1,1,1627428570
656,313397.5,251664.3333,0,0,27.001495,27.00151833,564.6751759,0.001,0.001,1,1,1627432170
657,309954.1667,251287.6667,0,0,27.00405167,27.00406,571.7090741,0.001,0.001,1,1,1627435770
658,303443.5,248958.5,0,0,27.00409667,27.00423167,578.1693935,0.001,0.001,1,1,1627439370
659,301721.6667,250304.5,0,0,27.00628833,27.00628833,582.7113565,0.001,0.001,1,1,1627442970
660,298003.6667,248582.8333,0,0,27.00491667,27.00491667,589.8264213,0.001,0.001,1,1,1627446570
661,335793.1667,256655.1667,0,19.86566556,27.71953333,27.71953333,730.7806019,0.001,1,1,1,1627450170
662,353400.3333,252445.6667,0,28,28,28,772.9277778,0.001,1,1,1,1627453770
663,356250.1667,251447,0,28.00000167,28.00000167,28.00000167,764.1453981,0.001,1,1,1,1627457370
664,357870.5,252560.6667,0,28,28,28,766.634875,0.001,1,1,1,1627460970
665,363180.5,252300.8333,0,28,28,28,753.5399444,0.001,1,1,1,1627464570
666,366130.8333,258435.1667,0,22.87416639,28.00918333,28.00918333,709.5935556,0.001,1,1,1,1627468170
667,316537.3333,253443.5,0,0,28.32060167,28.32060167,603.0003704,0.001,0.001,1,1,1627471770
668,314020.1667,250275.5,0,0,28.00186667,28.00186667,592.0256944,0.001,0.001,1,1,1627475370
669,315698,251287.5,0,0,28.00091,28.00091,590.4470926,0.001,0.001,1,1,1627478970
670,318229.5,251085.3333,0,0,28.00022667,28.00022667,595.3238333,0.001,0.001,1,1,1627482570
671,320485.8333,250796.3333,0,0,28.000015,28.000015,580.9038657,0.001,0.001,1,1,1627486170
672,323712.8333,250651.1667,0,0,28,28,576.9617639,0.001,0.001,1,1,1627489770
673,302778.3333,251056.5,0,0,28.17280833,6.573655278,381.8058611,0.001,0.001,1,1,1627493370
674,289598.6667,250043.8333,0,0,28.08955667,0,308.1749491,0.001,0.001,1,0.001,1627496970
678,284490.8333,247859.1667,0,0,12.58604,11.95676439,333.7191481,0.001,0.001,1,1,1627511370
679,302677,250853.3333,0,0,28.01181,28.01181,615.2951806,0.001,0.001,1,1,1627514970
680,305830.5,250853.8333,0,0,28.49448667,28.49448667,623.6338981,0.001,0.001,1,1,1627518570
681,304137.5,250492.3333,0,0,28.00136,28.00136,607.9958519,0.001,0.001,1,1,1627522170
682,345573.1667,256090.6667,0,22.406248,28.00781,28.00781,747.7385787,0.001,1,1,1,1627525770
683,364207.1667,253964.3333,0,28.000025,28.000025,28.000025,751.8117963,0.001,1,1,1,1627529370
684,355150.6667,248742.1667,0,28,28,28,761.1968657,0.001,1,1,1,1627532970
685,349522.5,251374.8333,0,28.00024333,28.00024333,28.00024333,778.2966852,0.001,1,1,1,1627536570
686,352850.1667,251447.3333,0,28.00012333,28.00012333,28.00012333,775.8703843,0.001,1,1,1,1627540170
687,351071.1667,252662,0,27.19529333,27.19529333,27.19529333,748.632162,0.001,1,1,1,1627543770
688,354238.6667,254167.5,0,27.00103667,26.10100211,27.00103667,726.2982639,0.001,1,1,1,1627547370
689,317144.3333,257769,0,29.11254167,0,29.11254167,620.3759583,0.001,1,0.001,1,1627550970
690,307032,250969.6667,0,28.387085,0,28.38694833,602.475713,0.001,1,0.001,1,1627554570
691,301794.3333,249841.3333,0,27.06072167,0,27.06055167,575.972375,0.001,1,0.001,1,1627558170
692,304586.3333,251027.8333,0,27.00088,0,27.00091333,567.2782639,0.001,1,0.001,1,1627561770
693,303876.6667,250362,0,27.00085167,0,27.00097167,570.0040833,0.001,1,0.001,1,1627565370
694,302589.8333,250550.3333,0,27.000935,0,27.00098167,574.7931806,0.001,1,0.001,1,1627568970
695,301042.1667,248929.8333,0,27.000235,0,27.00024167,576.0059352,0.001,1,0.001,1,1627572570
696,303819.1667,252098.1667,0,27.000095,0,27.000095,571.9389213,0.001,1,0.001,1,1627576170
703,325072.5,252836,0,31.95326,0,31.95326,659.1759167,0.001,1,0.001,1,1627601370
704,353385.8333,254831.8333,0,29.745505,26.7709545,29.745505,813.9925648,0.001,1,1,1,1627604970
705,334230.5,265176.1667,0,28.14039167,7.035097917,28.14039167,641.4955417,0.001,1,1,1,1627608570
706,311400.3333,251678.6667,0,27.10429833,0,27.10450167,568.1393565,0.001,1,0.001,1,1627612170
707,306438.1667,250492,0,27.05602667,0,27.05602667,571.2978148,0.001,1,0.001,1,1627615770
708,305193.8333,249233.6667,0,27.00268333,0,27.00276833,563.4532315,0.001,1,0.001,1,1627619370
709,304499.5,251273.5,0,26.80028167,0,26.80028167,566.5627546,0.001,1,0.001,1,1627622970
710,298741.1667,250651.6667,0,26.002185,0,26.002225,549.6169583,0.001,1,0.001,1,1627626570
711,298582.5,250391.3333,0,26.00120333,0,26.00114333,545.2764444,0.001,1,0.001,1,1627630170
712,301057.1667,252705.8333,0,26.32947,0,21.5024005,513.4144306,0.001,1,0.001,1,1627633770
713,285359.6667,250173.8333,0,27.20155333,0,0,294.4865523,0.001,1,0.001,0.001,1627637370
714,284737,250419.5,0,26.70495667,0,0,285.93375,0.001,1,0.001,0.001,1627640970
715,285026.1667,250926.1667,0,26.64748333,0,0,280.1281324,0.001,1,0.001,0.001,1627644570
716,283261,250000.5,0,26.3575,0,0,282.2479935,0.001,1,0.001,0.001,1627648170
717,283116.8333,250058.1667,0,26.14895667,0,0,279.0581282,0.001,1,0.001,0.001,1627651770
718,283492.6667,250362.1667,0,26.02381667,0,0,277.1625398,0.001,1,0.001,0.001,1627655370
719,283420.5,250231.3333,0,26.00332833,0,0,279.6678491,0.001,1,0.001,0.001,1627658970
720,285649,251924.1667,0,26.00348833,0,0,278.1840037,0.001,1,0.001,0.001,1627662570
728,347887.6667,251316.8333,0,28.00160833,0,0,259.3969458,0.001,1,0.001,0.001,1627691370
729,340436.6667,251158,0,28.00165833,0,0,264.977494,0.001,1,0.001,0.001,1627694970
730,337991.8333,249132.3333,0,27.67990167,0,0,263.9586051,0.001,1,0.001,0.001,1627698570
731,324102.6667,249841.3333,0,25,0,0,236.8130181,0.001,1,0.001,0.001,1627702170
732,340986.6667,255613.3333,0,25,0,0,229.929887,0.001,1,0.001,0.001,1627705770
733,371441.3333,272628.5,0,25,0,0,187.4801884,0.001,1,0.001,0.001,1627709370
734,391594.8333,296267.6667,0,25,0,0,221.0908412,0.001,1,0.001,0.001,1627712970
735,354905.1667,257306,0,0.423348278,25.40089667,0,232.887575,0.001,1,1,0.001,1627716570
736,375621.8333,250941.3333,0,0,26.61666667,0,222.2114037,0.001,0.001,1,0.001,1627720170
737,409476.3333,251418,0,0,28.01666667,0,213.3454153,0.001,0.001,1,0.001,1627723770
738,400939.8333,254789,0,0,26.57181167,0,165.8648273,0.001,0.001,1,0.001,1627727370
739,378732.8333,248495.5,0,0,25,0,154.6679639,0.001,0.001,1,0.001,1627730970
740,378545.1667,248539.1667,0,0,25,0,186.5619361,0.001,0.001,1,0.001,1627734570
741,378458,248394.3333,0,0,25,0,187.4965292,0.001,0.001,1,0.001,1627738170
742,381047.6667,251143.5,0,0,25,0,189.9740181,0.001,0.001,1,0.001,1627741770
743,378689.6667,248842.6667,0,0,25,0,189.2224347,0.001,0.001,1,0.001,1627745370
744,378618,248944.3333,0,0,25,0,188.725112,0.001,0.001,1,0.001,1627748970
751,346397.8333,253241.8333,19.50694444,0,0,0,159.5260125,1,0.001,0.001,0.001,1627774170
752,353920.8333,250941,25,0,0,0,215.3960472,1,0.001,0.001,0.001,1627777770
753,352921.5,249883.3333,25,0,0,0,215.7154236,1,0.001,0.001,0.001,1627781370
754,352691.6667,249552,25,0,0,0,161.8198278,1,0.001,0.001,0.001,1627784970
756,349928,246745.1667,25,0,0,0,214.9697727,1,0.001,0.001,0.001,1627792170
757,349219,246498.6667,25,0,0,0,216.4420282,1,0.001,0.001,0.001,1627795770
758,353183,250782,25,0,0,0,216.1061894,1,0.001,0.001,0.001,1627799370
759,353457.8333,250694.6667,25,0,0,0,216.2913546,1,0.001,0.001,0.001,1627802970
760,343316.6667,257624.6667,16.67361111,0,0,0,154.4507199,1,0.001,0.001,0.001,1627806570
775,335330.1667,263541.8333,31.12725278,0,31.65483333,12.66193333,751.0901667,1,0.001,1,1,1627860570
776,343041.3333,252431,29.12196833,0,29.12196833,29.12196833,866.2324722,1,0.001,1,1,1627864170
777,350752.1667,252517.6667,27.992315,0,27.992315,27.992315,790.4883194,1,0.001,1,1,1627867770
778,349334,251288,27.51337,0,27.51337,27.51337,772.1169167,1,0.001,1,1,1627871370
779,347888,250882.3333,27.29996667,0,27.30003833,27.30003833,762.7543796,1,0.001,1,1,1627874970
780,347497.1667,250550,27.27989833,0,27.27989833,27.27991,763.2229167,1,0.001,1,1,1627878570
781,347932,250897,27.20375333,0,27.20369333,27.20389167,760.5694722,1,0.001,1,1,1627882170
782,343330.5,250550.5,26.70236,0,26.70218167,26.70218167,749.4454583,1,0.001,1,1,1627885770
783,341291.1667,251375,26.41072833,0,26.410995,26.410995,741.5227361,1,0.001,1,1,1627889370
784,340075.5,251200.8333,26.19299833,0,26.192915,26.19275667,736.5486111,1,0.001,1,1,1627892970
785,343330.8333,251099.1667,26.00105833,0,26.00105833,26.00105833,718.0465556,1,0.001,1,1,1627896570
786,344011.1667,261501.8333,19.09811078,0,26.04289833,26.04289833,675.5380648,1,0.001,1,1,1627900170
787,302227.5,252589.8333,0,0,26.23303333,26.23303333,565.1068287,0.001,0.001,1,1,1627903770
788,300275.3333,249913.3333,0,0,26.00419333,26.004405,551.0865093,0.001,0.001,1,1,1627907370
789,300029.3333,249421.8333,0,0,26.00320167,26.00320167,557.2404167,0.001,0.001,1,1,1627910970
790,302719.5,251693.5,0,0,26.00298333,26.00298333,555.4248426,0.001,0.001,1,1,1627914570
791,300289.5,249160.8333,0,0,26.00218,26.00218,553.0590787,0.001,0.001,1,1,1627918170
792,286502.1667,250594.1667,0,0,26.9258,3.141343333,333.6492935,0.001,0.001,1,1,1627921770
798,270950,219618.5,6.503281889,0,10.34613028,10.641734,385.9441843,1,0.001,1,1,1627943370
799,345746.3333,253978.8333,27.92487833,0,27.92487833,27.92487833,814.4223287,1,0.001,1,1,1627946970
800,339785.3333,253776,27.36899833,0,16.421351,27.36891833,684.4065833,1,0.001,1,1,1627950570
801,308319.1667,249450.6667,28.21949333,0,0,28.219895,600.2741157,1,0.001,0.001,1,1627954170
802,346701.1667,255454.8333,27.23442333,20.4258175,0,27.23442333,696.0364306,1,1,0.001,1,1627957770
803,318634.3333,253502.5,3.746145778,28.09609333,0,28.09624,617.8515139,1,1,0.001,1,1627961370
804,301881.3333,248018.5,0,26.77060333,0,26.77074333,563.530375,0.001,1,0.001,1,1627964970
805,303733,252184.6667,0,25.76487833,0,25.76482833,541.4397685,0.001,1,0.001,1,1627968570
806,306018.8333,250491.3333,0,27.10777667,0,27.10777667,570.897875,0.001,1,0.001,1,1627972170
807,304658.6667,249002.1667,0,27.96151,0,27.96129833,596.8446019,0.001,1,0.001,1,1627975770
808,308565.1667,252517.3333,0,28.23899167,0,28.23854167,611.316662,0.001,1,0.001,1,1627979370
809,306973.3333,250665,0,27.711535,0,27.711535,586.1380741,0.001,1,0.001,1,1627982970
810,306670.3333,250723.6667,0,27.22246833,0,27.22246833,574.1245602,0.001,1,0.001,1,1627986570
811,309375.5,251997,0,27.00556667,0,27.00556667,564.679875,0.001,1,0.001,1,1627990170
812,309838.1667,250072.8333,0,27.00319833,0,27.00319833,566.4738194,0.001,1,0.001,1,1627993770
813,312067.1667,250550,0,27.00200667,0,27.00200667,557.7564352,0.001,1,0.001,1,1627997370
814,310460.3333,251809.1667,0,26.14180833,0,26.14180833,535.5497315,0.001,1,0.001,1,1628000970
815,307566.5,249812.3333,0,25.78418333,0,25.78418333,534.5360787,0.001,1,0.001,1,1628004570
816,304745.5,250087.3333,0,25.00133833,0,25.00133833,511.6052176,0.001,1,0.001,1,1628008170
817,341001.6667,256207.3333,0,4.601682556,0,25.10008667,279.3279296,0.001,1,0.001,1,1628011770
818,323278.1667,252473.8333,0,0,0,25,248.893788,0.001,0.001,0.001,1,1628015370
824,356250.6667,254456.5,0,25.76076333,0,10.73365139,312.2082222,0.001,1,0.001,1,1628036970
825,371845.5,266262.5,0,27.07970667,0,20.76112378,423.9078431,0.001,1,0.001,1,1628040570
826,325607.5,276808.6667,0,31.12896333,0,0,332.0545556,0.001,1,0.001,0.001,1628044170
827,321571.6667,252025,0,28.78375833,0,12.95269125,400.6916389,0.001,1,0.001,1,1628047770
828,391608.8333,253082.5,0,27.59636667,0,27.59636667,450.4528981,0.001,1,0.001,1,1628051370
829,355931.6667,299161.1667,0,29.63125833,0,1.975417222,323.7734954,0.001,1,0.001,1,1628054970
830,297887.5,249219.5,0,29.57393667,0,0,313.574625,0.001,1,0.001,0.001,1628058570
831,306958.8333,251750.6667,0,27.36677,0,0,284.7686884,0.001,1,0.001,0.001,1628062170
832,300303.6667,249754.1667,0,27.15032167,0,0,282.3774046,0.001,1,0.001,0.001,1628065770
833,306611.8333,251794.1667,0,27.00260833,0,0,277.9785875,0.001,1,0.001,0.001,1628069370
834,307292,250637,0,27.001705,0,0,275.136806,0.001,1,0.001,0.001,1628072970
835,308666.6667,250521.1667,0,27.00090333,0,0,279.5165889,0.001,1,0.001,0.001,1628076570
836,316320.3333,250622.1667,0,27.000125,0,0,270.8483819,0.001,1,0.001,0.001,1628080170
837,325406.1667,251418,0,27.00006833,0,0,264.2405005,0.001,1,0.001,0.001,1628083770
838,323004,257031.6667,0,25.2302465,0,0,267.404375,0.001,1,0.001,0.001,1628087370
846,301012.1667,250580.1667,0,21.04033186,0.429406833,20.611528,532.9685046,0.001,1,1,1,1628116170
847,345789.6667,254181.6667,0,26.60254333,26.60254333,26.60254333,737.3654583,0.001,1,1,1,1628119770
848,357451.1667,252199.3333,0,27.00034833,27.00045,27.00045,716.2638611,0.001,1,1,1,1628123370
849,353747.3333,250998.3333,0,27.15599333,27.15599333,27.15599333,731.5229491,0.001,1,1,1,1628126970
850,362340.6667,251823.8333,0,27.661895,27.661895,27.661895,729.7913102,0.001,1,1,1,1628130570
851,355584.5,251345.8333,0,27.27879667,27.27879667,27.27879667,730.6859769,0.001,1,1,1,1628134170
852,352301,252040.5,0,27.00210833,27.00210833,27.00210833,727.6216019,0.001,1,1,1,1628137770
853,353212.1667,251692.6667,0,27.00098,27.00098,27.00098,726.9586806,0.001,1,1,1,1628141370
854,353906,250332.8333,0,27.00027833,27.00027833,27.00027833,715.2390463,0.001,1,1,1,1628144970
855,356091,252084,0,27.00030667,27.00030667,27.00030667,725.4088472,0.001,1,1,1,1628148570
856,361559.8333,252821.5,0,27.00011833,27.00011833,27.00011833,704.963838,0.001,1,1,1,1628152170
857,335995.8333,274059.5,0,0.456245833,27.37500167,27.37500167,581.0070463,0.001,1,1,1,1628155770
858,309563.1667,250521,0,0,27.0856,27.08567667,575.4494028,0.001,0.001,1,1,1628159370
859,310547.5,250723.6667,0,0,27.00239167,27.00239167,571.857088,0.001,0.001,1,1,1628162970
860,311010.3333,250593.3333,0,0,27.00179167,27.00172,565.8583935,0.001,0.001,1,1,1628166570
861,310084,249421.8333,0,0,27.000435,27.000435,566.7309259,0.001,0.001,1,1,1628170170
862,311444,250868.1667,0,0,27.00084167,27.00083333,569.0472731,0.001,0.001,1,1,1628173770
863,309852.3333,249089.1667,0,0,27.00064,27.00064,571.0837315,0.001,0.001,1,1,1628177370
864,312007.6667,250622.1667,0,0,27.00006333,27.00006333,567.866213,0.001,0.001,1,1,1628180970
865,314482.5,256713.3333,0,0,4.05019175,27.00127833,333.3147222,0.001,0.001,1,1,1628184570
866,301446.5,250217.3333,0,0,0,27.00173333,293.1493519,0.001,0.001,0.001,1,1628188170
870,308029.6667,259202,0,0,17.26763033,21.37897089,468.5299333,0.001,0.001,1,1,1628202570
871,305888.6667,250709.5,0,0,29.55341833,29.55341833,648.1462269,0.001,0.001,1,1,1628206170
872,318620.1667,253530.5,0,5.715307,28.576535,28.576535,660.6659722,0.001,1,1,1,1628209770
873,360417.1667,252720.5,0,27.74232833,27.74232833,27.74231667,743.5485741,0.001,1,1,1,1628213370
874,364236.5,251924,0,27.900515,27.900515,27.900515,736.7643241,0.001,1,1,1,1628216970
875,354716.5,250983.8333,0,27.00221,27.00221,27.00221,721.7789861,0.001,1,1,1,1628220570
876,326533.3333,265595.8333,0,0.945825722,28.37477167,28.37477167,619.4997361,0.001,1,1,1,1628224170
877,305280.5,247584.3333,0,0,28.82920333,28.82920333,621.6856713,0.001,0.001,1,1,1628227770
878,305859,251982.3333,0,0,28.60458833,28.60458833,626.4660463,0.001,0.001,1,1,1628231370
879,308897.1667,252184.8333,0,0,29.31310333,29.31310333,634.0957963,0.001,0.001,1,1,1628234970
880,309375.1667,251316.5,0,0,29.602345,29.60245833,645.0898611,0.001,0.001,1,1,1628238570
881,308984.5,250493.1667,0,0,28.92626167,28.92579333,629.2670648,0.001,0.001,1,1,1628242170
882,305931.6667,251476,0,0,27.460915,27.46089833,592.7386667,0.001,0.001,1,1,1628245770
883,302097.3333,251620.3333,0,0,26.17621,26.17621,562.4240185,0.001,0.001,1,1,1628249370
884,298553.6667,249972.1667,0,0,25.411655,25.411655,541.2678981,0.001,0.001,1,1,1628252970
885,296281.8333,248192,0,0,25.26013833,25.26013833,542.1675926,0.001,0.001,1,1,1628256570
886,299609,251518.8333,0,0,25.074785,25.074805,533.0235417,0.001,0.001,1,1,1628260170
887,299798,251851.5,0,0,25.116165,25.116165,534.0938935,0.001,0.001,1,1,1628263770
888,298597.1667,250246.3333,0,0,25.008125,25.008125,533.8900556,0.001,0.001,1,1,1628267370
889,301186.1667,251273.1667,0,0,25.01685667,25.01685667,531.5026852,0.001,0.001,1,1,1628270970
890,299479,251345.8333,0,0,3.582490444,26.86867833,323.6989333,0.001,0.001,1,1,1628274570
894,304022.1667,269386.1667,0,0,6.940675472,17.96410122,328.0982653,0.001,0.001,1,1,1628288970
895,339540.5,255020.5,0,13.58332011,31.34612333,31.34612333,755.1018426,0.001,1,1,1,1628292570
896,343663.3333,259665,0,13.41182494,27.74860333,27.7485,661.5416944,0.001,1,1,1,1628296170
897,320153.5,251707.1667,0,0,29.765705,29.765705,635.2112315,0.001,0.001,1,1,1628299770
898,315220.6667,250347.8333,0,0,29.32704333,29.32704333,627.6457963,0.001,0.001,1,1,1628303370
899,312008.8333,250318.3333,0,0,29.13492,29.13492167,628.764162,0.001,0.001,1,1,1628306970
900,305700.6667,249263,0,0,28.28302833,28.28302833,615.1822963,0.001,0.001,1,1,1628310570
901,306539.5,252256.8333,0,0,27.57104,27.57101167,599.1246481,0.001,0.001,1,1,1628314170
902,307885.6667,251345.6667,0,0,28.21627,28.21631167,610.201162,0.001,0.001,1,1,1628317770
903,304991.5,249624.1667,0,0,27.61400333,27.61400333,591.7144213,0.001,0.001,1,1,1628321370
904,304354.5,250014.8333,0,0,27.02464833,27.02465167,576.8876528,0.001,0.001,1,1,1628324970
905,308405.6667,251880.6667,0,0,27.00121667,27.00121667,575.8479537,0.001,0.001,1,1,1628328570
906,307407.5,250680.5,0,0,27.00065833,27.00065833,577.4948519,0.001,0.001,1,1,1628332170
907,309650.1667,251403.8333,0,0,27.00009333,27.00009333,573.5533935,0.001,0.001,1,1,1628335770
908,310807.6667,251200.1667,0,0,27.00011833,27.00011833,571.6502731,0.001,0.001,1,1,1628339370
909,311313.8333,251070.5,0,0,27.00019333,27.00019333,569.367912,0.001,0.001,1,1,1628342970
910,313585.6667,251953.8333,0,0,27,27,569.034713,0.001,0.001,1,1,1628346570
911,315494.8333,251273.1667,0,0,27,27,559.5999537,0.001,0.001,1,1,1628350170
912,317578.5,251056.3333,0,0,27,27,560.4053102,0.001,0.001,1,1,1628353770
913,318214.8333,255266.3333,0,0,6.75,27,350.0352819,0.001,0.001,1,1,1628357370
914,303978.5,250998.6667,0,0,0,27,288.8967037,0.001,0.001,0.001,1,1628360970
915,301838,248409.1667,0,0,0,25.29278983,290.1955185,0.001,0.001,0.001,1,1628364570
920,338411.8333,251621,0,0,0,27.00004667,263.9964324,0.001,0.001,0.001,1,1628382570
921,328529.8333,250506.5,0,0,0,27.00023667,185.4904676,0.001,0.001,0.001,1,1628386170
922,331890.1667,253747,0,0,0,27.00015667,221.6207074,0.001,0.001,0.001,1,1628389770
923,328130,250000,0,0,0,27,272.2662222,0.001,0.001,0.001,1,1628391750
926,329860,250870,0,0,27,0,260.3859094,0.001,0.001,1,0.001,1628405280
927,329860,250870,0,0,27,0,257.9813447,0.001,0.001,1,0.001,1628406630
1290,328609.1176,249948.8235,25.07005588,25.07005588,0,25.07018235,704.3835212,1,1,0.001,1,1629715350
1291,331119,251404,25.00388833,25.00388833,0,25.00388833,702.9200787,1,1,0.001,1,1629718170
1292,333869,251577.1667,25.00218833,25.00218833,0,25.00218833,695.6651759,1,1,0.001,1,1629721770
1293,334621,249189.8333,25.00066833,25.00074833,0,25.00074833,684.1716667,1,1,0.001,1,1629725370
1294,340234.5,252155.3333,25.00045333,25.00045333,0,25.00045333,675.8844861,1,1,0.001,1,1629728970
1295,320182.3333,257494.6667,3.204902944,27.47059667,0,27.47060833,597.4617315,1,1,0.001,1,1629732570
1296,310127.1667,250361.8333,0,28.57846833,0,28.578505,606.7234907,0.001,1,0.001,1,1629736170
1303,318649.6667,258897.6667,1.043641833,31.309255,0,31.30915667,624.8545926,1,1,0.001,1,1629761370
1304,363223.6667,255367.6667,30.94702667,30.94694333,0,30.94750833,897.0968472,1,1,0.001,1,1629764970
1305,375029.8333,252546.6667,31.17504833,31.17504833,2.078336556,31.17482,900.963162,1,1,1,1,1629768570
1306,391840.5,252213.3333,29.830075,29.830075,29.830075,29.83021167,1028.322894,1,1,1,1,1629772170
1307,381842.8333,257682.6667,17.435155,29.05859167,29.05859167,29.05859167,920.0758333,1,1,1,1,1629775770
1308,351375.1667,251345.1667,0,29.61007667,29.61007667,29.61007667,847.9769954,0.001,1,1,1,1629779370
1309,350304.1667,250535.8333,0,30.05749,30.05749,30.05749,864.3782731,0.001,1,1,1,1629782970
1310,351316.1667,251316.6667,0,30.05648667,30.05648667,30.05648667,864.5693565,0.001,1,1,1,1629786570
1311,351808.8333,251780.5,0,29.825515,29.825515,29.825515,860.7656343,0.001,1,1,1,1629790170
1312,350838.8333,255931.6667,0,24.6932395,29.05087,29.05087,795.2304167,0.001,1,1,1,1629793770
1313,317723.3333,252749,0,0,31.76379,31.76379,675.660375,0.001,0.001,1,1,1629797370
1314,316044.6667,251259,0,0,32.00552333,32.00551333,685.7933426,0.001,0.001,1,1,1629800970
1315,312775.1667,251258.3333,0,0,30.70888,30.708845,658.8863009,0.001,0.001,1,1,1629804570
1316,311155,251027.3333,0,0,29.89722833,29.89722833,643.5552407,0.001,0.001,1,1,1629808170
1317,311169.8333,251128.1667,0,0,30.16724,30.16726667,652.3970046,0.001,0.001,1,1,1629811770
1318,310923.6667,250839.6667,0,0,30.11527,30.11542833,651.9941481,0.001,0.001,1,1,1629815370
1319,311747.5,251851.6667,0,0,30.114525,30.11464167,649.2555556,0.001,0.001,1,1,1629818970
1320,311299.8333,251316.3333,0,0,30.17809833,30.178055,649.3506944,0.001,0.001,1,1,1629822570
1328,311400.3333,251056.3333,25.15104,0,0,0,254.199181,1,0.001,0.001,0.001,1629851370
1329,323119.1667,250839.1667,27.85045333,0,0,0,279.924562,1,0.001,0.001,0.001,1629854970
1330,290841.6667,250781.1667,33.45899,0,0,0,369.0088194,1,0.001,0.001,0.001,1629858570
1331,292071.5,252084,33.78553667,0,0,0,375.1960602,1,0.001,0.001,0.001,1629862170
1332,289496.1667,249595.3333,33.85492833,0,0,0,379.2824306,1,0.001,0.001,0.001,1629865770
1333,291753.8333,251490.3333,34.02614667,0,0,0,377.8419074,1,0.001,0.001,0.001,1629869370
1334,290321.5,250246.3333,34.021005,0,0,0,378.73075,1,0.001,0.001,0.001,1629872970
1335,290263.3333,250261,33.680275,0,0,0,375.3842778,1,0.001,0.001,0.001,1629876570
1336,293041,252561.1667,32.33502333,0,0,0,359.884463,1,0.001,0.001,0.001,1629880170
1337,290885.5,250795.6667,31.64803333,0,0,0,348.9741157,1,0.001,0.001,0.001,1629883770
1338,292028.6667,251837.1667,31.61746833,0,0,0,347.4169907,1,0.001,0.001,0.001,1629887370
1339,291305,251258.5,31.55365333,0,0,0,347.4420602,1,0.001,0.001,0.001,1629890970
1340,290683.3333,250766.8333,31.54418667,0,0,0,348.2231759,1,0.001,0.001,0.001,1629894570
1341,290799.1667,250781.1667,31.58543,0,0,0,346.834625,1,0.001,0.001,0.001,1629898170
1342,291131.1667,251099.6667,31.454145,0,0,0,346.5285417,1,0.001,0.001,0.001,1629901770
1343,290799,250838.8333,31.59607,0,0,0,346.4741065,1,0.001,0.001,0.001,1629905370
1351,355209.1667,280035,29.74262333,0,29.74243,19.82828667,743.8772037,1,0.001,1,1,1629934170
1352,333057.8333,251736.3333,28.00484833,0,28.00484833,28.00484,837.0266481,1,0.001,1,1,1629937770
1353,335547.1667,252416.3333,28.00242833,0,28.00242833,28.00242833,830.2728843,1,0.001,1,1,1629941370
1354,333984.1667,250492.1667,28.00169667,0,28.00169667,28.00169667,827.543463,1,0.001,1,1,1629944970
1355,337340.6667,251880.5,28.00153,0,28.001605,28.00144,824.4774444,1,0.001,1,1,1629948570
1356,339106,249928.3333,28.00106833,0,28.00112333,28.00084,820.274162,1,0.001,1,1,1629952170
1357,343302,253703.8333,28.00058833,0,28.00058833,28.00058833,812.5679352,1,0.001,1,1,1629955770
1358,340986.5,251375,28.00120667,0,28.00125333,28.00127167,815.2644954,1,0.001,1,1,1629959370
1359,338889.3333,249956.5,28.00076,0,28.00061333,28.000695,817.4119398,1,0.001,1,1,1629962970
1360,339395.1667,252980.3333,27.95824833,0,27.95825,27.95758,822.8858194,1,0.001,1,1,1629966570
1361,334519.1667,250998.6667,27.00217,0,27.00213167,27.00210333,786.8817454,1,0.001,1,1,1629970170
1362,335589.8333,251128.8333,27.00182667,0,27.00182667,27.00180167,784.5549907,1,0.001,1,1,1629973770
1363,336921.1667,251143.8333,27.00116333,0,27.00116333,27.0011,785.7695602,1,0.001,1,1,1629977370
1364,337818.8333,250781.3333,27.001205,0,27.001205,27.001205,778.1682917,1,0.001,1,1,1629980970
1365,338614.3333,254658.1667,27.0331,0,27.0331,23.42868667,751.3599444,1,0.001,1,1,1629984570
1366,306626.5,251620.3333,28.93336,0,28.93336,0,623.8315648,1,0.001,1,0.001,1629988170
1367,306076.8333,250882.8333,28.35052833,0,28.35052833,0,608.6263889,1,0.001,1,0.001,1629991770
1368,286719,252763.1667,3.064777528,0,26.26952167,0,332.1424356,1,0.001,1,0.001,1629995370
1375,356481.3333,258261,28.81593667,22.57249678,28.81595333,16.32899111,904.54225,1,1,1,1,1630020570
1376,342563.8333,251997,27.26467,0,27.26467,27.26453667,782.5285648,1,0.001,1,1,1630024170
1377,341146,251230.6667,26.38786333,0,26.38776333,26.388,746.7196065,1,0.001,1,1,1630027770
1378,340495.3333,250362.3333,27.13093,0,27.13099667,27.13065,774.8694907,1,0.001,1,1,1630031370
1379,341638.1667,251779.5,27.11196333,0,27.111805,27.11210167,777.2935463,1,0.001,1,1,1630034970
1380,340466.3333,250810.6667,27.87686,0,27.87691667,27.87697833,807.4074861,1,0.001,1,1,1630038570
1381,341362.8333,251375.3333,27.94048833,0,27.94046833,27.94063167,809.8177407,1,0.001,1,1,1630042170
1382,341276.3333,251258.8333,27.88333667,0,27.88333667,27.88368833,810.2112824,1,0.001,1,1,1630045770
1383,341290.3333,251128.1667,27.77468667,0,27.77468667,27.77470833,803.2448935,1,0.001,1,1,1630049370
1384,341146.1667,251113.8333,27.62354167,0,27.62354167,27.62354167,798.0786157,1,0.001,1,1,1630052970
1385,342101,252083.5,26.93881667,0,26.93881667,26.93881667,769.9026157,1,0.001,1,1,1630056570
1386,339496.6667,249465.5,27.07480833,0,27.07480833,27.07480833,772.4822037,1,0.001,1,1,1630060170
1387,341044.6667,250868.8333,26.95658167,0,26.95658167,26.95658167,771.7189028,1,0.001,1,1,1630063770
1388,341305.5,251230,27.011495,0,27.011495,27.011675,771.6729028,1,0.001,1,1,1630067370
1389,334809.6667,264294.3333,27.853145,0,12.53391525,27.853145,693.0379954,1,0.001,1,1,1630070970
1390,306307.5,251432.5,29.49921333,0,0,29.49921333,643.9466343,1,0.001,0.001,1,1630074570
1391,306380.5,251042.3333,29.27001167,0,0,29.27001167,638.642088,1,0.001,0.001,1,1630078170
1392,306380,251302,28.98466833,0,0,28.98450167,625.6728935,1,0.001,0.001,1,1630081770
1393,306307.8333,251186.1667,28.75465833,0,0,28.75479333,625.3552639,1,0.001,0.001,1,1630085370
1394,305179.6667,250044,28.576005,0,0,28.57625,617.2515509,1,0.001,0.001,1,1630088970
1395,311835.1667,264655.3333,18.38448472,0,0,18.38445417,460.6441111,1,0.001,0.001,1,1630092570
1399,352213.8333,251866.5,30.73001,0,30.73001,30.73001,916.8391991,1,0.001,1,1,1630106970
1400,336053.1667,251549.1667,28.706785,0,17.70246397,28.70669833,741.3980463,1,0.001,1,1,1630110570
1401,310069.1667,249725.8333,30.021455,0,0,30.021455,646.3565417,1,0.001,0.001,1,1630114170
1402,311732.6667,252055,29.86846167,0,0,29.868635,643.731662,1,0.001,0.001,1,1630117770
1403,310098.3333,250332.6667,30.940785,0,0,30.940785,660.6705093,1,0.001,0.001,1,1630121370
1404,329528.1667,251547.6667,31.207225,0,14.04325125,31.207225,778.6986389,1,0.001,1,1,1630124970
1405,352430.5,251953.5,29.196135,0,29.196135,29.196135,842.0504907,1,0.001,1,1,1630128570
1406,351938.8333,251866.8333,28.261665,0,28.261665,28.261665,797.9026574,1,0.001,1,1,1630132170
1407,350521.3333,250463.3333,28.47327667,0,28.47327667,28.47327667,812.2346944,1,0.001,1,1,1630135770
1408,351939,252039.6667,28.39673,0,28.39673,28.397035,807.3070463,1,0.001,1,1,1630139370
1409,350666.1667,250637.1667,28.59559667,0,28.59559667,28.59559667,817.0376944,1,0.001,1,1,1630142970
1410,352503,252401.8333,28.60451667,0,28.60451667,28.60451667,814.2957963,1,0.001,1,1,1630146570
1411,351114.6667,251071.3333,28.416765,0,28.416765,28.416765,810.4268102,1,0.001,1,1,1630150170
1412,351432.6667,251591.1667,28.24007333,0,28.24023333,28.24023333,801.9969444,1,0.001,1,1,1630153770
1413,353761.6667,253631.3333,28.06531333,0,28.06527,28.06541,795.2101991,1,0.001,1,1,1630157370
1414,329471.1667,267491.5,1.488299667,0,29.76609167,29.76622333,658.8208843,1,0.001,1,1,1630160970
1415,309910.1667,249682.3333,0,0,30.01895667,30.01896,644.9649676,0.001,0.001,1,1,1630164570
1416,311009.8333,250911.3333,0,0,29.89861333,29.898775,645.2097037,0.001,0.001,1,1,1630168170
1417,310662.5,250492.3333,0,0,29.517055,29.51634333,639.8751111,0.001,0.001,1,1,1630171770
1418,310518,250303.8333,0,0,29.13451,29.13495833,627.5079815,0.001,0.001,1,1,1630175370
1423,327199.3333,253415,0,0,26,0,235.1458088,0.001,0.001,1,0.001,1630193370
1424,313845.8333,252025.3333,0,0,16.64,0,211.9955708,0.001,0.001,1,0.001,1630196970
1426,335402.6667,251924.3333,0,0,25,0,205.9035718,0.001,0.001,1,0.001,1630204170
1427,330787,247295,0,0,25,0,233.4159806,0.001,0.001,1,0.001,1630207770
1428,328949.8333,245529.6667,0,0,25,0,235.0559398,0.001,0.001,1,0.001,1630211370
1429,336429.1667,253052.5,0,0,25,0,235.4356685,0.001,0.001,1,0.001,1630214970
1430,334245.1667,251143.6667,0,0,25,0,233.9752606,0.001,0.001,1,0.001,1630218570
1431,331178,248177.3333,0,0,25,0,236.8438634,0.001,0.001,1,0.001,1630222170
1436,206569.5,177213,0,0,15.74146269,1.464274222,228.0734444,0.001,0.001,1,1,1630240170
1437,286168.8333,250984.1667,0,0,29.406745,0,326.6278472,0.001,0.001,1,0.001,1630243770
1438,284996.6667,249899,0,0,29.28539,0,327.9818935,0.001,0.001,1,0.001,1630247370
1439,285547.1667,250550,0,0,29.27125,0,322.6701759,0.001,0.001,1,0.001,1630250970
1446,325375.6667,256771.3333,21.32770689,5.816647333,29.08323667,2.908344,549.2387856,1,1,1,1,1630276170
1447,300303.8333,250419.5,29.22948333,0,29.22961833,0,638.2838565,1,0.001,1,0.001,1630279770
1448,330338,255961,30.8791,0,30.8791,13.895838,773.9913241,1,0.001,1,1,1630283370
1449,341797.1667,251071.1667,28.30167667,0,28.30184667,28.30219833,824.3842176,1,0.001,1,1,1630286970
1450,343619.8333,253096.8333,26.34457667,0,26.34442667,26.34446333,739.0692176,1,0.001,1,1,1630290570
1451,343648.8333,251172.5,26.00337667,0,26.00335833,26.003425,712.4547639,1,0.001,1,1,1630294170
1452,343157,251650,26.03022333,0,26.03022333,26.03018167,712.068912,1,0.001,1,1,1630297770
1453,341478.5,251678.1667,26.19501667,0,26.19517333,26.19533167,724.5678241,1,0.001,1,1,1630301370
1454,343214.1667,253096.6667,26.86913833,0,26.86913167,26.869115,761.2110139,1,0.001,1,1,1630304970
1455,342215.8333,252184.8333,26.94401167,0,26.94401167,26.94391833,762.7416759,1,0.001,1,1,1630308570
1456,341898.5,251881,26.957755,0,26.95777833,26.95774,761.8311481,1,0.001,1,1,1630312170
1457,327792.3333,267071.3333,29.44109333,0,1.962739556,29.44109333,649.4959028,1,0.001,1,1,1630315770
1458,310909.1667,251215.6667,30.87089333,0,0,30.87089333,656.567875,1,0.001,0.001,1,1630319370
1459,312080.6667,252228.5,31.28957167,0,0,31.28957167,668.2510556,1,0.001,0.001,1,1630322970
1460,312036.5,251982.8333,31.429335,0,0,31.429335,671.7074907,1,0.001,0.001,1,1630326570
1461,311473.1667,251446.5,31.315465,0,0,31.315465,665.1899167,1,0.001,0.001,1,1630330170
1462,313354.1667,252604.5,30.899875,0,0,30.899875,658.2345556,1,0.001,0.001,1,1630333770
1463,312095.1667,251808.8333,30.566455,0,0,30.566455,651.7740231,1,0.001,0.001,1,1630337370
1464,311834.6667,251678.6667,29.97091833,0,0,29.97091833,643.8537685,1,0.001,0.001,1,1630340970
1465,302921.6667,252706.3333,9.733421111,0,0,29.20026333,417.5364167,1,0.001,0.001,1,1630344570
1466,292072.5,251548.6667,0,0,0,30.33109333,337.700162,0.001,0.001,0.001,1,1630348170
1469,277807,248004.3333,0,0,14.49295106,0,214.4553519,0.001,0.001,1,0.001,1630358970
1470,319212.8333,278645.6667,4.700671778,0,35.25503833,0,440.0932731,1,0.001,1,0.001,1630362570
1471,326692.3333,254181.3333,35.29189167,0,35.291705,1.76460425,765.5880046,1,0.001,1,1,1630366170
1472,354398.3333,253920.8333,30.69822667,0,30.69822667,30.69824833,911.7074491,1,0.001,1,1,1630369770
1473,360807,251461.3333,30.12891167,0,30.12875667,30.12930667,865.2790694,1,0.001,1,1,1630373370
1474,353747.5,274783.8333,29.95755833,0,12.48231597,29.95747,730.5165602,1,0.001,1,1,1630376970
1475,311328.3333,251389.1667,31.00378667,0,0,31.00398333,659.5052037,1,0.001,0.001,1,1630380570
1476,348162.3333,254977.3333,30.96186333,0,25.28552172,30.96186333,868.5371806,1,0.001,1,1,1630384170
1477,351215.3333,251056.1667,30.51675167,0,30.51675167,30.51675167,903.8339444,1,0.001,1,1,1630387770
1478,353183,253081.5,30.68878167,0,30.68878167,30.68878167,914.3615602,1,0.001,1,1,1630391370
1479,372063,255540.8333,29.84949667,21.234076,29.84949667,29.84949667,997.6481435,1,1,1,1,1630394970
1480,371788.3333,251534,29.89886333,25,29.89886333,29.89886333,1025.887005,1,1,1,1,1630398570
1481,376026.6667,290551.8333,28.69810833,25,28.69810833,4.783018056,842.9648843,1,1,1,1,1630402170
1482,332870.1667,252807.1667,29.10874333,25,29.10874333,0,817.2063519,1,1,1,0.001,1630405770
1483,317433.3333,252850,29.92127667,11.30726667,29.92127667,0,726.7972176,1,1,1,0.001,1630409370
1484,306683.8333,251997,30.55597167,0,30.55603667,0,656.3929306,1,0.001,1,0.001,1630412970
1485,307060.1667,252054.5,30.46092833,0,30.46092833,0,653.0193472,1,0.001,1,0.001,1630416570
1486,305931.1667,250984.1667,30.14750667,0,30.14731167,0,648.5128519,1,0.001,1,0.001,1630420170
1487,307726,252430.8333,29.898655,0,29.898655,0,644.2179861,1,0.001,1,0.001,1630423770
1488,339410,261280,29.7597,0,29.7597,0,635.1663889,1,0.001,1,0.001,1630425600
