,m_flow_pred,NB2_S_1_NYZ_sys_x_PcwOut_x,NB2_S_1_NYZ_sys_x_PcwIn_x,NB2_S_1_NYZ_cwp_9_HzSPR_x,NB2_S_1_NYZ_cwp_10_HzSPR_x,NB2_S_1_NYZ_cwp_11_HzSPR_x,NB2_S_1_NYZ_cwp_12_HzSPR_x,chiller_pipe_len,chiller_v_nominal
0,345.1437140995191,442366.6667,381971.6667,0.0,0.0,26.72675333,26.72675333,111.8115513105124,1.7009336821617471
1,345.6856203781927,444833.3333,385272.3333,0.0,0.0,26.76871667,26.76871667,111.8115513105124,1.7009336821617471
2,346.860989034886,448333.3333,388454.6667,0.0,0.0,26.85973333,26.85973333,111.8115513105124,1.7009336821617471
3,349.8125653546596,451366.6667,391493.0,0.0,0.0,27.08829333,27.08829333,111.8115513105124,1.7009336821617471
4,348.5895438561664,449600.0,389556.3333,0.0,0.0,26.99358667,26.99358667,111.8115513105124,1.7009336821617471
5,346.55131651858096,446466.6667,386168.6667,0.0,0.0,26.83575333,26.83575333,111.8115513105124,1.7009336821617471
6,343.9517270499439,444400.0,384547.0,0.0,0.0,26.63445,26.63445,111.8115513105124,1.7009336821617471
7,342.3803771733392,457266.6667,397453.6667,0.0,0.0,26.51277,26.51277,111.8115513105124,1.7009336821617471
8,342.4672877730253,470466.6667,410678.6667,0.0,0.0,26.5195,26.5195,111.8115513105124,1.7009336821617471
9,343.548172326569,473133.3333,413107.0,0.0,0.0,26.6032,26.6032,111.8115513105124,1.7009336821617471
10,338.96506669775374,475300.0,415075.0,0.0,0.0,26.2483,26.2483,111.8115513105124,1.7009336821617471
11,339.7003755956992,491633.3333,431800.3333,0.0,0.0,26.30524,26.30524,111.8115513105124,1.7009336821617471
12,339.64859341284944,506266.6667,446499.0,0.0,0.0,26.30123,26.30123,111.8115513105124,1.7009336821617471
13,341.8210385567341,489166.6667,429137.3333,0.0,0.0,26.46945667,26.46945667,111.8115513105124,1.7009336821617471
14,345.52359503857224,449266.6667,389496.0,0.0,0.0,26.75617,26.75617,111.8115513105124,1.7009336821617471
15,342.0261521286153,430066.6667,369879.3333,0.0,0.0,26.48534,26.48534,111.8115513105124,1.7009336821617471
16,344.4982396666229,430166.6667,370545.0,0.0,0.0,26.67677,26.67677,111.8115513105124,1.7009336821617471
17,346.6352993733683,435200.0,374680.6667,0.0,0.0,26.84225667,26.84225667,111.8115513105124,1.7009336821617471
18,339.77140484746513,431700.0,372020.0,0.0,0.0,26.31074,26.31074,111.8115513105124,1.7009336821617471
19,344.38253249162625,438466.6667,378298.6667,0.0,0.0,26.66781,26.66781,111.8115513105124,1.7009336821617471
20,341.99576214447046,436700.0,376477.6667,0.0,0.0,26.48298667,26.48298667,111.8115513105124,1.7009336821617471
21,336.73550057639534,437200.0,376216.3333,0.0,0.0,26.07565,26.07565,111.8115513105124,1.7009336821617471
22,335.8292537024125,438833.3333,377545.6667,0.0,0.0,26.00547333,26.00547333,111.8115513105124,1.7009336821617471
23,337.33414091471514,441533.3333,381509.0,0.0,0.0,26.12200667,26.12200667,111.8115513105124,1.7009336821617471
24,346.5592370672783,444733.3333,385157.0,0.0,0.0,26.83636667,26.83636667,111.8115513105124,1.7009336821617471
25,375.0349056783412,451400.0,392072.3333,0.0,0.0,27.95028,27.95028,111.8115513105124,1.7009336821617471
26,382.9016142843722,456000.0,395978.3333,0.0,0.0,28.53656333,28.53656333,111.8115513105124,1.7009336821617471
27,384.84985430743,452700.0,392275.3333,0.0,0.0,28.68176,28.68176,111.8115513105124,1.7009336821617471
28,382.6555289769392,451966.6667,391840.6667,0.0,0.0,28.51822333,28.51822333,111.8115513105124,1.7009336821617471
29,375.4045696717935,450100.0,389843.3333,0.0,0.0,27.97783,27.97783,111.8115513105124,1.7009336821617471
30,373.5856796806799,457366.6667,397455.0,0.0,0.0,27.84227333,27.84227333,111.8115513105124,1.7009336821617471
31,377.45089368513305,463566.6667,403934.6667,0.0,0.0,28.13033667,28.13033667,111.8115513105124,1.7009336821617471
32,381.9065850767741,458766.6667,399247.6667,0.0,0.0,28.46240667,28.46240667,111.8115513105124,1.7009336821617471
33,385.3847377575192,454100.0,394561.6667,0.0,0.0,28.72162333,28.72162333,111.8115513105124,1.7009336821617471
34,385.1537257704831,449100.0,389352.0,0.0,0.0,28.70440667,28.70440667,111.8115513105124,1.7009336821617471
35,381.9877188475047,446900.0,386978.0,0.0,0.0,28.46845333,28.46845333,111.8115513105124,1.7009336821617471
36,370.7670197281331,440000.0,379514.0,0.0,0.0,27.63220667,27.63220667,111.8115513105124,1.7009336821617471
37,349.7719305255088,439666.6667,379397.6667,0.0,0.0,27.08514667,27.08514667,111.8115513105124,1.7009336821617471
38,341.3152478554085,438733.3333,377894.0,0.0,0.0,26.43029,26.43029,111.8115513105124,1.7009336821617471
39,327.89767399574225,435366.6667,371846.0,0.0,0.0,26.00303667,26.00303667,111.8115513105124,1.7009336821617471
40,335.7977448034253,441600.0,379021.0,0.0,0.0,26.00303333,26.00303333,111.8115513105124,1.7009336821617471
41,335.82660641609215,444066.6667,383013.0,0.0,0.0,26.00519,26.00534667,111.8115513105124,1.7009336821617471
42,335.8480217626589,441866.6667,380875.6667,0.0,0.0,26.00692667,26.00692667,111.8115513105124,1.7009336821617471
43,336.6671016138075,442966.6667,382724.3333,0.0,0.0,26.07035333,26.07035333,111.8115513105124,1.7009336821617471
44,336.50365562634573,443466.6667,382927.0,0.0,0.0,26.05769667,26.05769667,111.8115513105124,1.7009336821617471
45,335.8107867398095,439900.0,377779.0,0.0,0.0,26.00404333,26.00404333,111.8115513105124,1.7009336821617471
46,335.8211609620702,438733.3333,376131.0,0.0,0.0,26.00484667,26.00484667,111.8115513105124,1.7009336821617471
47,335.79395588021004,440800.0,377690.3333,0.0,0.0,26.00274,26.00274,111.8115513105124,1.7009336821617471
48,335.81530661795966,441366.6667,379572.0,0.0,0.0,26.00439333,26.00439333,111.8115513105124,1.7009336821617471
49,336.00109323188445,438933.3333,378616.0,0.0,0.0,26.01878,26.01878,111.8115513105124,1.7009336821617471
