,Fcw_ypred,Fcw_yobse,ts
0,2111.182373046875,2031.4586666666667,1593534570.0
1,2014.383544921875,2055.1613333333335,1593538170.0
2,2013.6865234375,2040.744,1593541770.0
3,1985.761962890625,2008.4641666666664,1593545370.0
4,1985.761962890625,2011.9626666666666,1593548970.0
5,1982.2197265625,1979.6051666666667,1593552570.0
6,1985.761962890625,1998.895,1593556170.0
7,1975.8544921875,2006.1298333333332,1593559770.0
8,2111.182373046875,2022.1964999999998,1593563370.0
9,1985.761962890625,1993.6593333333333,1593566970.0
10,1956.0872802734375,1973.8173333333332,1593570570.0
11,1956.0872802734375,1958.0431666666666,1593574170.0
12,2077.65966796875,2094.998,1593577770.0
13,2221.402587890625,2210.313333333333,1593581370.0
14,2229.198486328125,2185.8046666666664,1593584970.0
15,2126.012451171875,2145.230666666667,1593588570.0
16,2214.60107421875,2205.5075,1593592170.0
17,2221.65966796875,2196.8721666666665,1593595770.0
18,2057.326904296875,2100.492333333333,1593599370.0
19,1959.139404296875,1964.0948333333333,1593602970.0
20,1980.865234375,1949.4886666666669,1593606570.0
21,1956.0872802734375,1962.0008333333333,1593610170.0
22,1959.139404296875,1962.1978333333332,1593613770.0
23,1980.865234375,1943.1606666666667,1593617370.0
24,1961.8773193359375,1948.2688333333333,1593620970.0
25,1982.2197265625,1959.9896666666668,1593624570.0
26,1982.2197265625,1976.3241666666665,1593628170.0
27,1985.761962890625,2004.9205,1593631770.0
28,1985.06494140625,1984.5158333333334,1593635370.0
29,1985.761962890625,1974.4286666666667,1593638970.0
30,1979.396728515625,2018.3593333333333,1593642570.0
31,2045.19677734375,2079.8333333333335,1593646170.0
32,2068.196533203125,2107.3596666666667,1593649770.0
33,2303.443115234375,2261.991666666667,1593653370.0
34,2232.7373046875,2368.1786666666667,1593656970.0
35,2404.00244140625,2387.8866666666668,1593660570.0
36,2408.806396484375,2459.398166666667,1593664170.0
37,2464.92529296875,2475.3885,1593667770.0
38,2439.38818359375,2501.5906666666665,1593671370.0
39,2467.826416015625,2488.6468333333332,1593674970.0
40,2277.90087890625,2270.1904999999997,1593678570.0
41,1403.0513916015625,1325.9855,1593682170.0
42,1000.8873291015625,1002.3493333333333,1593685770.0
43,1345.365966796875,1023.9488333333334,1593689370.0
44,1175.8323974609375,1028.2735,1593692970.0
45,1167.0845947265625,1013.6313333333333,1593696570.0
46,1111.122802734375,1046.1601666666668,1593700170.0
47,1234.964111328125,1095.2808333333335,1593703770.0
48,1278.743896484375,1154.1885,1593707370.0
49,1276.5474853515625,1227.619,1593710970.0
50,1304.558349609375,1266.7983333333332,1593714570.0
51,1759.0679931640625,1768.359,
52,1821.08447265625,1805.9591666666668,
53,1683.3250732421875,1715.5098333333333,
54,2133.634765625,2203.424666666667,
55,2910.44482421875,2905.7163333333333,1593732570.0
56,3007.480712890625,3011.7841666666664,1593736170.0
57,3007.4345703125,3010.7196666666664,1593739770.0
58,3007.4345703125,2996.324833333333,1593743370.0
59,3007.4345703125,3007.2103333333334,1593746970.0
60,3007.480712890625,3015.772,1593750570.0
61,3007.4345703125,2997.5080000000003,1593754170.0
62,3094.858642578125,3075.302166666667,1593757770.0
63,3243.327392578125,3256.52,1593761370.0
64,2517.01416015625,2515.887333333333,1593764970.0
65,2316.84375,2335.2,1593768570.0
66,2215.382568359375,2127.6685,1593772170.0
67,2136.014892578125,1983.0086666666668,1593775770.0
68,2109.4619140625,1927.0026666666668,1593779370.0
69,2123.167724609375,1920.0981666666667,1593782970.0
70,1961.600341796875,1878.2038333333333,1593786570.0
71,1120.170166015625,1105.742,1593790170.0
72,995.6101684570312,576.5368333333333,1593793770.0
73,1605.49267578125,1590.2083333333333,1593797370.0
74,2350.703857421875,2392.844,1593800970.0
75,1858.7747802734375,1861.0638333333334,1593804570.0
76,1419.407470703125,1405.6531666666667,
77,1112.9608154296875,1114.0966666666668,
78,1112.9608154296875,1112.3764999999999,
79,958.760986328125,975.1785,
80,894.3781127929688,920.2595,1593822570.0
81,815.4393920898438,746.2553333333333,1593826170.0
82,1197.881591796875,1059.4436666666668,1593829770.0
83,1081.5423583984375,1022.4823333333334,1593833370.0
84,1050.5059814453125,1001.0593333333333,1593836970.0
85,1044.290771484375,995.4803333333333,1593840570.0
86,1005.1473388671875,983.4413333333333,1593844170.0
87,1082.45556640625,985.8558333333333,1593847770.0
88,1082.741943359375,949.8533333333332,1593851370.0
89,2780.5986328125,2837.4605,
90,2361.00927734375,2444.5029999999997,
91,2507.80419921875,2460.1133333333332,
92,2751.126953125,2721.7378333333336,
93,2626.7119140625,2644.7475,
94,2668.2080078125,2622.5851666666667,
95,2653.445068359375,2604.2431666666666,
96,2664.732177734375,2642.539333333333,
97,2660.532958984375,2630.2168333333334,
98,2665.88623046875,2654.348166666667,
99,2676.837890625,2692.9266666666667,
100,2671.484619140625,2667.1091666666666,
101,2671.484619140625,2651.6346666666664,
102,2673.844970703125,2676.1473333333333,
103,2676.837890625,2688.6031666666668,
104,2743.828369140625,2760.8013333333333,
105,2620.208740234375,2405.380166666667,
106,2404.64599609375,2335.6635,1593916170.0
107,2409.15625,2369.160666666667,1593919770.0
108,2379.01318359375,2383.962833333333,1593923370.0
109,1695.4588623046875,1574.9543333333334,1593926970.0
110,1273.9871826171875,1247.0545,1593930570.0
111,2967.27978515625,2959.975833333333,1593934170.0
112,2989.56884765625,3011.246833333333,1593937770.0
113,2924.9521484375,2905.281,1593941370.0
114,2919.028076171875,2897.121,
115,2919.028076171875,2906.9773333333337,
116,2901.9580078125,2838.023333333333,
117,2949.075439453125,2890.1216666666664,
118,2934.204833984375,2904.101166666667,
119,2924.603759765625,2881.734,
120,2823.581298828125,2829.5255,
121,2823.581298828125,2821.0116666666668,
122,2766.92822265625,2753.3241666666668,
123,2787.6630859375,2751.0558333333333,
124,2791.7607421875,2758.4523333333336,
125,2791.7607421875,2761.1393333333335,
126,2789.17431640625,2782.6538333333333,
127,2791.7607421875,2761.8456666666666,
128,2393.673095703125,2420.7985,1593995370.0
129,2241.68701171875,2238.387166666667,1593998970.0
130,2093.851318359375,2158.1183333333333,1594002570.0
131,1257.2503662109375,1304.8464999999999,1594006170.0
132,1276.390380859375,1295.7915,1594009770.0
133,1409.1094970703125,1606.8458333333333,1594013370.0
134,2791.318603515625,2757.1648333333337,1594016970.0
135,2993.69384765625,2972.837,1594020570.0
136,3017.88330078125,3020.33,1594024170.0
137,3001.55322265625,2994.1695000000004,1594027770.0
138,3031.6005859375,3012.561,1594031370.0
139,2989.56884765625,2997.822833333333,1594034970.0
140,2989.56884765625,3000.0683333333336,1594038570.0
141,2927.889892578125,2914.3335,1594042170.0
142,2979.31298828125,2994.735666666667,1594045770.0
143,2940.21435546875,2941.575333333333,1594049370.0
144,2832.174072265625,2823.238166666667,1594052970.0
145,2810.714111328125,2805.536333333333,1594056570.0
146,2795.826171875,2785.9535,1594060170.0
147,2795.826171875,2797.504,1594063770.0
148,2810.714111328125,2806.6781666666666,1594067370.0
149,2812.225341796875,2811.5088333333333,
150,2813.356689453125,2815.985666666667,1594074570.0
151,2836.229248046875,2830.3945000000003,1594078170.0
152,2836.229248046875,2827.972,1594081770.0
153,2831.044189453125,2838.6025,1594085370.0
154,2836.229248046875,2814.524166666667,1594088970.0
155,2417.394775390625,2489.9266666666667,1594092570.0
156,923.232421875,819.3553333333333,1594096170.0
157,1417.3262939453125,1369.7381666666668,1594099770.0
158,2926.285400390625,2910.1663333333336,1594103370.0
159,2889.720458984375,2844.2728333333334,1594106970.0
160,2891.231689453125,2861.789333333333,1594110570.0
161,2900.05322265625,2870.3143333333333,1594114170.0
162,2910.32373046875,2895.5313333333334,1594117770.0
163,2915.5087890625,2899.739666666667,1594121370.0
164,2881.7861328125,2890.2794999999996,1594124970.0
165,2830.153564453125,2854.6781666666666,1594128570.0
166,2858.38525390625,2871.634833333333,1594132170.0
167,2862.597412109375,2889.429166666667,1594135770.0
168,2914.162109375,2886.944,1594139370.0
169,2810.089599609375,2805.0323333333336,1594142970.0
170,2810.089599609375,2806.1421666666665,1594146570.0
171,2810.089599609375,2802.5528333333336,1594150170.0
172,2810.089599609375,2801.0654999999997,1594153770.0
173,2811.790771484375,2822.5773333333336,1594157370.0
174,2810.089599609375,2805.6941666666667,1594160970.0
175,2810.089599609375,2806.5025,1594164570.0
176,2810.089599609375,2787.9553333333333,1594168170.0
177,2802.748046875,2786.9576666666667,1594171770.0
178,749.849609375,559.5698333333333,1594175370.0
179,754.959716796875,729.4155,1594178970.0
180,956.092529296875,698.561,1594182570.0
181,1791.661865234375,1773.4263333333333,1594186170.0
182,2853.3330078125,2863.750333333333,1594189770.0
183,2813.17822265625,2806.86,1594193370.0
184,2813.17822265625,2812.6721666666663,1594196970.0
185,2813.17822265625,2793.3033333333337,1594200570.0
186,2813.17822265625,2782.9718333333335,1594204170.0
187,2807.9931640625,2799.0741666666668,1594207770.0
188,2790.3056640625,2772.7211666666667,1594211370.0
189,2807.9931640625,2790.4416666666666,1594214970.0
190,2474.351806640625,2456.926,1594218570.0
191,2096.607421875,2117.5125,1594222170.0
192,2096.607421875,2111.9643333333333,1594225770.0
193,2096.607421875,2113.811,1594229370.0
194,2096.607421875,2117.3278333333333,1594232970.0
195,2096.607421875,2112.4945,1594236570.0
196,2096.607421875,2114.1893333333333,1594240170.0
197,2096.607421875,2109.4243333333334,
198,2096.607421875,2107.663,1594247370.0
199,2096.607421875,2118.472166666667,1594250970.0
200,2096.607421875,2120.5606666666667,1594254570.0
201,2096.607421875,2108.897,1594258170.0
202,681.4193725585938,613.3723333333332,1594261770.0
203,724.8972778320312,777.4373333333333,1594265370.0
204,724.8972778320312,553.5208333333334,1594268970.0
205,941.8536987304688,904.6163333333334,1594272570.0
206,2380.041748046875,2399.7846666666665,1594276170.0
207,3014.646484375,3038.142,1594279770.0
208,2953.132080078125,2944.9345000000003,1594283370.0
209,3020.9814453125,3005.2656666666667,1594286970.0
210,3051.40234375,3067.9159999999997,1594290570.0
211,3051.40234375,3065.6316666666667,1594294170.0
212,3051.40234375,3088.3406666666665,1594297770.0
213,3051.40234375,3090.0585,1594301370.0
214,3043.03857421875,3077.6730000000002,1594304970.0
215,2496.44970703125,2699.9338333333335,1594308570.0
216,1088.5269775390625,959.5183333333333,1594312170.0
217,952.8226318359375,977.0145,1594315770.0
218,952.8226318359375,984.8386666666667,1594319370.0
219,941.3858642578125,982.4086666666666,1594322970.0
220,952.8226318359375,971.9906666666667,1594326570.0
221,952.8226318359375,979.9571666666667,1594330170.0
222,941.3858642578125,986.5028333333333,1594333770.0
223,1128.419921875,1069.6633333333334,1594337370.0
224,1093.038818359375,1186.7355,1594340970.0
225,1068.8095703125,1075.8906666666667,1594344570.0
226,930.2738037109375,779.8671666666667,1594348170.0
227,935.9682006835938,985.0466666666667,1594351770.0
228,935.9682006835938,977.3465,1594355370.0
229,952.8226318359375,975.7189999999999,1594358970.0
230,952.8226318359375,982.2841666666667,1594362570.0
231,935.9682006835938,972.207,1594366170.0
232,941.3858642578125,976.796,1594369770.0
233,941.8536987304688,914.5138333333333,1594373370.0
234,948.914306640625,920.7631666666667,1594376970.0
235,938.8013916015625,930.7776666666666,1594380570.0
236,964.9339599609375,914.4203333333334,1594384170.0
237,917.1148681640625,915.8026666666667,1594387770.0
238,917.1148681640625,576.4156666666667,1594391370.0
239,939.1544799804688,917.1615,1594394970.0
240,939.1544799804688,928.7836666666666,1594398570.0
241,939.1544799804688,924.3396666666666,1594402170.0
242,939.1544799804688,933.2586666666666,1594405770.0
243,1002.7799682617188,936.0448333333334,1594409370.0
244,936.2906494140625,1001.7415,1594412970.0
245,930.2738037109375,983.743,1594416570.0
246,1007.3012084960938,1022.2284999999999,1594420170.0
247,990.1738891601562,1002.054,1594423770.0
248,875.7699584960938,983.0503333333332,1594427370.0
249,858.508056640625,805.9086666666666,1594430970.0
250,875.7699584960938,691.2411666666667,1594434570.0
251,875.7699584960938,992.6683333333333,1594438170.0
252,990.1738891601562,980.3264999999999,1594441770.0
253,2013.65185546875,1939.3774999999998,1594445370.0
254,3306.8193359375,3333.6691666666666,1594448970.0
255,3177.470458984375,3172.7716666666665,1594452570.0
256,3566.443115234375,3557.3826666666664,1594456170.0
257,3537.1572265625,3582.371,1594459770.0
258,3559.816162109375,3583.3956666666663,1594463370.0
259,3660.66845703125,3637.333,1594466970.0
260,3634.04052734375,3567.223166666667,1594470570.0
261,3686.412109375,3651.4145,1594474170.0
262,3613.278076171875,3602.2291666666665,1594477770.0
263,3534.515380859375,3542.3581666666664,1594481370.0
264,3424.238037109375,3422.0035,1594484970.0
265,2927.889892578125,2946.1093333333333,1594488570.0
266,2854.28173828125,2847.6375,1594492170.0
267,2822.36181640625,2804.4148333333337,1594495770.0
268,2910.34521484375,2961.1081666666664,1594499370.0
269,2945.589111328125,2930.898333333333,1594502970.0
270,2764.955810546875,2501.8025,1594506570.0
271,2309.15380859375,2324.17,1594510170.0
272,2313.671630859375,2315.276166666667,1594513770.0
273,1940.67626953125,1957.4743333333333,1594517370.0
274,1055.11474609375,917.2683333333333,1594520970.0
275,1095.5712890625,1096.4035,1594524570.0
276,1084.1343994140625,1080.8578333333332,1594528170.0
277,1825.0323486328125,1857.8196666666668,1594531770.0
278,2438.0849609375,2453.5460000000003,1594535370.0
279,2359.874755859375,2342.675333333333,1594538970.0
280,2307.591796875,2316.339333333333,1594542570.0
281,2263.767578125,2279.2823333333336,1594546170.0
282,2263.767578125,2268.8105,1594549770.0
283,2270.9306640625,2276.5456666666664,1594553370.0
284,2263.767578125,2271.9591666666665,1594556970.0
285,2270.9306640625,2264.1169999999997,1594560570.0
286,2270.9306640625,2278.0061666666666,1594564170.0
287,2270.9306640625,2283.0765,1594567770.0
288,2263.767578125,2268.1169999999997,1594571370.0
289,2263.767578125,2269.014666666667,1594574970.0
290,2243.390380859375,2263.011,1594578570.0
291,2263.767578125,2260.5389999999998,1594582170.0
292,2270.9306640625,2282.4700000000003,1594585770.0
293,2270.9306640625,2260.545,1594589370.0
294,2263.767578125,2269.7558333333336,1594592970.0
295,2270.9306640625,2275.9945000000002,1594596570.0
296,2270.9306640625,2278.0658333333336,1594600170.0
297,1974.46533203125,2017.8696666666667,1594603770.0
298,1119.5673828125,857.9208333333333,1594607370.0
299,1125.803466796875,1152.4991666666667,1594610970.0
300,1041.6580810546875,1092.5805,1594614570.0
301,1738.8919677734375,1708.256,1594618170.0
302,2438.4267578125,2456.1710000000003,1594621770.0
303,2257.646484375,2329.2988333333333,1594625370.0
304,2224.515380859375,2225.1615,1594628970.0
305,2233.144775390625,2223.5158333333334,1594632570.0
306,1451.4434814453125,1453.9776666666667,1594636170.0
307,1093.59814453125,1110.9895,1594639770.0
308,1116.390625,1099.0531666666668,1594643370.0
309,1222.47265625,1202.0325,1594646970.0
310,1182.2916259765625,1137.0473333333332,1594650570.0
311,1157.6744384765625,1199.3278333333333,1594654170.0
312,1303.29638671875,1289.6313333333335,1594657770.0
313,1254.8406982421875,1194.1456666666668,1594661370.0
314,1245.73046875,1255.9023333333332,1594664970.0
315,1342.67431640625,1353.8801666666666,1594668570.0
316,1383.3013916015625,1382.3906666666667,1594672170.0
317,1360.5555419921875,1365.1056666666666,1594675770.0
318,1342.67431640625,1359.6906666666666,1594679370.0
319,1260.945556640625,1232.531,1594682970.0
320,1260.945556640625,1227.9498333333333,1594686570.0
321,1250.5089111328125,1247.9798333333333,1594690170.0
322,1267.4022216796875,1167.6765,1594693770.0
323,1253.2376708984375,1104.9013333333335,1594697370.0
324,1253.2376708984375,1102.3915000000002,1594700970.0
325,1151.0833740234375,1049.9448333333335,1594704570.0
326,1256.1673583984375,1230.6856666666667,1594708170.0
327,958.760986328125,1009.8656666666666,1594711770.0
328,1869.9659423828125,1966.347,1594715370.0
329,1700.4822998046875,1801.927,1594718970.0
330,1922.4864501953125,1965.5048333333332,1594722570.0
331,2449.867431640625,2420.8245,1594726170.0
332,2413.5703125,2373.516666666667,1594729770.0
333,2449.867431640625,2436.2850000000003,1594733370.0
334,2544.737548828125,2529.8154999999997,1594736970.0
335,2943.693359375,2943.9226666666664,1594740570.0
336,2746.911376953125,2800.5585,1594744170.0
337,2994.178466796875,2967.915,1594747770.0
338,2963.156005859375,2959.2533333333336,1594751370.0
339,2963.156005859375,2950.697333333333,1594754970.0
340,2967.253662109375,2954.9898333333335,1594758570.0
341,2933.143798828125,2958.6168333333335,1594762170.0
342,2949.034423828125,2933.5181666666667,1594765770.0
343,2934.248779296875,2927.1816666666664,1594769370.0
344,2989.282470703125,2977.902666666667,1594772970.0
345,2994.178466796875,2980.2375,1594776570.0
346,2990.080810546875,2996.500666666667,1594780170.0
347,2575.99462890625,2648.7235,1594783770.0
348,861.811279296875,594.8716666666667,1594787370.0
349,861.811279296875,810.0968333333333,1594790970.0
350,861.811279296875,927.3685,1594794570.0
351,1838.055908203125,1710.8615,1594798170.0
352,2430.038330078125,2457.675166666667,1594801770.0
353,2430.038330078125,2462.1626666666666,1594805370.0
354,2990.2841796875,2994.6136666666666,1594808970.0
355,3060.989501953125,3080.3635,1594812570.0
356,3056.02392578125,3075.937,1594816170.0
357,3056.02392578125,3066.324333333333,1594819770.0
358,3058.30078125,3075.557333333333,1594823370.0
359,3058.30078125,3072.2336666666665,1594826970.0
360,3056.02392578125,3055.4293333333335,1594830570.0
361,2345.1171875,2336.137666666667,1594834170.0
362,1030.942138671875,1019.4758333333334,1594837770.0
363,1019.8301391601562,1025.3113333333333,1594841370.0
364,1042.3785400390625,1025.3863333333334,1594844970.0
365,1042.3785400390625,1039.6921666666667,1594848570.0
366,1099.2998046875,1030.9068333333335,1594852170.0
367,1002.5682373046875,1027.5136666666667,1594855770.0
368,1025.5245361328125,1030.1783333333333,
369,1019.8301391601562,1023.4261666666666,
370,1025.5245361328125,1027.1468333333332,
371,1025.5245361328125,1028.3928333333333,
372,1025.5245361328125,1023.4544999999999,
373,1025.5245361328125,1010.4796666666666,
374,1025.5245361328125,1018.9328333333334,
375,1025.5245361328125,1021.2553333333333,
376,1008.2626342773438,1029.5405,
377,1025.5245361328125,1022.4188333333333,
378,1076.2425537109375,1032.8484999999998,
379,1090.519775390625,1072.3275,
380,1067.4569091796875,1072.7993333333334,
381,1084.5028076171875,1072.0931666666668,
382,1090.8680419921875,1060.2515,
383,1090.519775390625,1068.6483333333333,
384,1042.274658203125,1071.4299999999998,
385,1018.9019165039062,1018.7923333333333,
386,988.8820190429688,1008.3193333333334,
387,988.8820190429688,1008.5061666666667,
388,988.8820190429688,1004.2343333333333,
389,988.8820190429688,1004.707,
390,988.8820190429688,1007.903,1594938570.0
391,988.8820190429688,1014.5951666666666,1594942170.0
392,988.8820190429688,1005.8548333333333,1594945770.0
393,988.8820190429688,1005.3526666666668,1594949370.0
394,2398.707763671875,2541.5443333333333,1594952970.0
395,3082.900390625,3095.2671666666665,1594956570.0
396,3082.900390625,3095.21,1594960170.0
397,3082.900390625,3085.7725,1594963770.0
398,3083.888671875,3098.55,1594967370.0
399,3188.524169921875,3198.0653333333335,1594970970.0
400,3202.9228515625,3183.3063333333334,1594974570.0
401,3202.9228515625,3204.322333333333,1594978170.0
402,3085.680908203125,3112.2706666666663,1594981770.0
403,3053.812255859375,3064.7846666666665,1594985370.0
404,3013.576171875,2998.3543333333337,1594988970.0
405,3002.319580078125,3000.286833333333,1594992570.0
406,3002.319580078125,3010.510333333333,1594996170.0
407,3013.576171875,3011.463,1594999770.0
408,2970.13720703125,2982.1453333333334,1595003370.0
409,2222.867431640625,2255.2006666666666,1595006970.0
410,2317.423583984375,2276.739666666667,1595010570.0
411,2457.76025390625,2328.5975000000003,1595014170.0
412,2586.7998046875,2360.7411666666667,1595017770.0
413,1839.6180419921875,1824.0981666666667,1595021370.0
414,1192.92431640625,1122.3733333333332,1595024970.0
415,1230.48193359375,1208.6088333333332,1595028570.0
416,1087.94921875,1126.8365000000001,1595032170.0
417,2446.571533203125,2381.0080000000003,1595035770.0
418,3120.16162109375,3202.7813333333334,1595039370.0
419,3071.064697265625,3082.597333333333,1595042970.0
420,3112.3701171875,3114.910666666666,1595046570.0
421,3224.88671875,3233.1498333333334,1595050170.0
422,3222.168701171875,3217.1836666666663,1595053770.0
423,3222.168701171875,3243.3465,1595057370.0
424,3222.168701171875,3251.1923333333334,1595060970.0
425,3221.126708984375,3221.6625,1595064570.0
426,3205.96435546875,3204.237666666667,1595068170.0
427,3205.96435546875,3183.8883333333333,1595071770.0
428,3200.7392578125,3207.112666666667,1595075370.0
429,3196.527099609375,3201.5294999999996,1595078970.0
430,3196.527099609375,3189.9846666666663,1595082570.0
431,3200.7392578125,3203.286333333333,1595086170.0
432,3196.527099609375,3156.713333333333,1595089770.0
433,3148.62841796875,3183.8343333333332,1595093370.0
434,2437.408203125,2428.3591666666666,1595096970.0
435,2279.791748046875,2266.349833333333,1595100570.0
436,2279.791748046875,2274.6091666666666,1595104170.0
437,2013.487060546875,1970.7385,1595107770.0
438,976.2647094726562,891.1078333333334,1595111370.0
439,1002.7861328125,1050.1966666666667,1595114970.0
440,1002.7861328125,1052.7013333333332,1595118570.0
441,2359.624755859375,2356.828666666667,1595122170.0
442,3112.3701171875,3169.949666666667,1595125770.0
443,3087.421630859375,3133.922833333333,1595129370.0
444,3087.421630859375,3110.1918333333333,1595132970.0
445,3087.421630859375,3137.9678333333336,1595136570.0
446,3582.00927734375,3407.5688333333333,1595140170.0
447,3692.06298828125,3673.911833333333,1595143770.0
448,3714.924072265625,3684.5806666666667,1595147370.0
449,3863.9873046875,3879.6355,1595150970.0
450,3832.4482421875,3835.4928333333332,1595154570.0
451,3832.4482421875,3808.2403333333336,1595158170.0
452,3832.4482421875,3818.452166666667,1595161770.0
453,3727.405029296875,3730.487666666667,1595165370.0
454,3690.33349609375,3717.9015,1595168970.0
455,3699.139892578125,3713.3788333333337,1595172570.0
456,3550.304931640625,3573.7473333333332,1595176170.0
457,3057.70947265625,3087.199833333333,
458,2796.570556640625,2796.6226666666666,
459,2254.6904296875,2255.222333333333,
460,2254.6904296875,2248.5473333333334,
461,2254.6904296875,2253.579166666667,
462,1182.70556640625,984.9786666666666,
463,1100.8404541015625,1099.9921666666667,1595201370.0
464,1100.8404541015625,1093.6073333333334,1595204970.0
465,2157.0029296875,2095.6946666666668,1595208570.0
466,3414.80029296875,3395.5434999999998,1595212170.0
467,3160.8017578125,3181.649166666667,1595215770.0
468,3238.769775390625,3290.974166666667,1595219370.0
469,3500.891845703125,3555.5733333333333,1595222970.0
470,3699.497802734375,3636.5711666666666,1595226570.0
471,3596.02587890625,3580.925666666667,1595230170.0
472,3530.424072265625,3513.7960000000003,1595233770.0
473,3435.417236328125,3445.7745,1595237370.0
474,3435.417236328125,3458.7471666666665,1595240970.0
475,3469.133544921875,3517.0085000000004,1595244570.0
476,3551.25,3538.853666666667,1595248170.0
477,3642.12841796875,3595.6918333333333,1595251770.0
478,3575.355712890625,3597.9428333333335,1595255370.0
479,3567.150390625,3535.9294999999997,1595258970.0
480,3555.635498046875,3551.413833333333,1595262570.0
481,3559.601806640625,3534.2686666666664,1595266170.0
482,3079.65087890625,3202.9905,1595269770.0
483,3030.572265625,3002.6845000000003,1595273370.0
484,2870.220947265625,2869.3068333333335,1595276970.0
485,2690.7080078125,2718.0658333333336,1595280570.0
486,2410.119384765625,2394.6436666666664,1595284170.0
487,2390.94873046875,2379.174,1595287770.0
488,2378.14208984375,2346.9215,1595291370.0
489,2381.68408203125,2354.440666666667,1595294970.0
490,2410.119384765625,2393.9931666666666,1595298570.0
491,2437.0234375,2424.5406666666668,1595302170.0
492,2416.112060546875,2417.5156666666667,1595305770.0
493,2352.246337890625,2387.138,1595309370.0
494,2384.8017578125,2359.1603333333333,1595312970.0
495,2306.894775390625,2311.074833333333,1595316570.0
496,2221.90478515625,2249.7955,1595320170.0
497,2214.4404296875,2165.4781666666668,1595323770.0
498,2153.8017578125,2149.292,1595327370.0
499,2216.3525390625,2193.4313333333334,1595330970.0
500,1989.83837890625,2016.7163333333333,1595334570.0
501,1843.12255859375,2000.9601666666667,1595338170.0
502,2044.7412109375,1769.2958333333333,1595341770.0
503,1217.318359375,1216.6886666666667,1595345370.0
504,1244.45068359375,1245.2203333333334,1595348970.0
505,1229.7393798828125,1235.1654999999998,1595352570.0
506,1229.7393798828125,1230.3978333333332,1595356170.0
507,1190.103515625,1169.3056666666666,1595359770.0
508,1189.565185546875,1188.7296666666666,1595363370.0
509,1229.7393798828125,1226.3968333333332,1595366970.0
510,907.7650756835938,820.391,1595370570.0
511,1283.8780517578125,1276.0918333333332,1595374170.0
512,2031.9271240234375,2080.018,1595377770.0
513,2129.50146484375,2168.5834999999997,1595381370.0
514,1968.51611328125,1905.6528333333333,1595384970.0
515,1906.2274169921875,1927.3641666666667,1595388570.0
516,1922.830322265625,1965.9921666666667,1595392170.0
517,1995.425537109375,2022.7846666666667,1595395770.0
518,2047.1024169921875,2068.8906666666667,1595399370.0
519,1934.55908203125,1957.7351666666666,1595402970.0
520,1567.968994140625,1707.4563333333333,1595406570.0
521,754.4800415039062,812.6474999999999,1595410170.0
522,706.4880981445312,647.7009999999999,1595413770.0
523,773.3336181640625,784.7781666666667,1595417370.0
524,779.191162109375,795.9043333333334,1595420970.0
525,779.191162109375,805.3708333333333,1595424570.0
526,773.3336181640625,793.0865,1595428170.0
527,759.5718994140625,795.7473333333334,1595431770.0
528,752.7522583007812,813.784,1595435370.0
529,759.5718994140625,793.2776666666666,1595438970.0
530,706.4880981445312,798.1783333333333,1595442570.0
531,795.1417236328125,890.3806666666667,1595446170.0
532,822.03369140625,677.1088333333333,1595449770.0
533,828.24365234375,887.722,1595453370.0
534,828.24365234375,886.1593333333333,1595456970.0
535,830.4415893554688,882.3471666666667,1595460570.0
536,858.4036254882812,857.6181666666666,1595464170.0
537,858.4036254882812,843.215,1595467770.0
538,858.4036254882812,851.8423333333334,1595471370.0
539,858.4036254882812,864.3826666666666,1595474970.0
540,939.1795043945312,919.4811666666667,1595478570.0
541,946.317626953125,942.8563333333333,1595482170.0
542,946.317626953125,939.8501666666667,1595485770.0
543,981.6123046875,947.1308333333333,1595489370.0
544,946.317626953125,931.8948333333334,1595492970.0
545,939.1544799804688,944.9086666666666,1595496570.0
546,939.1544799804688,943.7801666666667,1595500170.0
547,981.6123046875,936.8444999999999,1595503770.0
548,628.6880493164062,619.4721666666667,1595507370.0
549,3183.34765625,3155.012166666667,1595510970.0
550,3095.407958984375,3204.7971666666667,1595514570.0
551,2995.04638671875,3013.4515,1595518170.0
552,3027.34033203125,3033.6608333333334,1595521770.0
553,3150.683837890625,3136.6576666666665,1595525370.0
554,3216.16796875,3190.085833333333,1595528970.0
555,3304.28857421875,3256.551,1595532570.0
556,3530.424072265625,3503.4265,1595536170.0
557,3554.30029296875,3530.3091666666664,1595539770.0
558,3558.908447265625,3528.6248333333333,1595543370.0
559,3253.45068359375,3216.0245,1595546970.0
560,3114.743408203125,3112.763333333334,1595550570.0
561,3119.934326171875,3117.2063333333335,1595554170.0
562,3052.073974609375,3040.8188333333333,1595557770.0
563,3120.02685546875,3090.7278333333334,1595561370.0
564,3027.146728515625,3035.2798333333335,1595564970.0
565,3019.780029296875,3020.6611666666668,1595568570.0
566,3018.77685546875,3030.6468333333332,1595572170.0
567,3022.681640625,3051.2765,1595575770.0
568,3024.73583984375,3014.7375,1595579370.0
569,3019.382568359375,3002.0813333333335,1595582970.0
570,1245.8956298828125,1231.8453333333334,1595586570.0
571,3019.841552734375,2906.7311666666665,1595590170.0
572,3197.48095703125,3243.511833333333,1595593770.0
573,3511.80078125,3539.965166666667,1595597370.0
574,3625.7705078125,3590.888,1595600970.0
575,3711.23486328125,3700.110333333333,1595604570.0
576,3711.23486328125,3685.675166666667,1595608170.0
577,3711.23486328125,3709.2976666666664,1595611770.0
578,3711.23486328125,3705.476666666667,1595615370.0
579,3711.23486328125,3725.7181666666665,
580,3711.23486328125,3674.3886666666667,
581,3685.1083984375,3692.6625,
582,3513.264892578125,3590.4056666666665,1595629770.0
583,3435.1435546875,3431.5671666666667,1595633370.0
584,3273.826171875,3329.073166666667,1595636970.0
585,3197.48095703125,3143.1828333333333,1595640570.0
586,3197.48095703125,3171.77,1595644170.0
587,3197.48095703125,3157.9556666666667,1595647770.0
588,3102.421630859375,3110.2611666666667,1595651370.0
589,3068.271484375,3069.7176666666664,1595654970.0
590,3068.271484375,3055.4238333333333,1595658570.0
591,2747.297119140625,2895.9764999999998,1595662170.0
592,1081.264404296875,1001.2183333333334,1595665770.0
593,1636.7774658203125,1777.0325,1595669370.0
594,3345.65576171875,3383.722333333333,1595672970.0
595,3187.93994140625,3170.4801666666667,1595676570.0
596,3145.236572265625,3143.641666666667,1595680170.0
597,3145.236572265625,3153.160666666666,1595683770.0
598,3226.072265625,3178.1738333333333,1595687370.0
599,3479.897216796875,3458.8475000000003,1595690970.0
600,3593.064208984375,3585.791333333333,1595694570.0
601,3635.290283203125,3628.597333333333,1595698170.0
602,3670.544677734375,3661.037166666667,1595701770.0
603,3574.580078125,3597.924666666667,
604,3515.160888671875,3549.685166666667,
605,3430.360595703125,3480.517,
606,3428.884033203125,3426.6671666666666,
607,3428.884033203125,3424.8161666666665,1595719770.0
608,3119.797119140625,3081.4211666666665,1595723370.0
609,2924.576171875,2906.5158333333334,1595726970.0
610,2594.75,2531.1601666666666,1595730570.0
611,2188.09423828125,2194.2345,1595734170.0
612,2190.939208984375,2191.2095,1595737770.0
613,2190.939208984375,2183.6535,1595741370.0
614,2148.72119140625,2143.633333333333,1595744970.0
615,1704.9251708984375,1760.1206666666667,1595748570.0
616,3357.58447265625,3350.0081666666665,1595752170.0
617,3248.22314453125,3202.462833333333,1595755770.0
618,3172.727783203125,3214.7073333333333,1595759370.0
619,3270.117431640625,3294.8355,1595762970.0
620,3577.17138671875,3662.1595,1595766570.0
621,3750.07177734375,3729.81,1595770170.0
622,3684.828125,3683.3518333333336,1595773770.0
623,3684.828125,3691.901833333333,1595777370.0
624,3684.828125,3701.956833333333,
625,3618.375,3624.6653333333334,
626,3488.699951171875,3492.7821666666664,
627,3465.340576171875,3477.8210000000004,
628,3440.839599609375,3491.9353333333333,
629,3428.884033203125,3458.326333333333,
630,3457.89794921875,3480.6845000000003,1595802570.0
631,3457.89794921875,3464.8438333333334,1595806170.0
632,3457.89794921875,3478.574833333333,1595809770.0
633,3338.01025390625,3318.685,1595813370.0
634,3107.848876953125,3102.7273333333337,1595816970.0
635,2922.60595703125,2974.9635,1595820570.0
636,2888.38916015625,2959.604,1595824170.0
637,875.94775390625,939.6543333333334,1595827770.0
638,1115.0850830078125,1096.6128333333334,1595831370.0
639,2946.6630859375,2943.1065,1595834970.0
640,3267.9404296875,3317.918166666667,1595838570.0
641,3387.089111328125,3375.8923333333337,1595842170.0
642,3431.8984375,3406.1946666666668,1595845770.0
643,3759.442626953125,3735.0179999999996,1595849370.0
644,3837.691162109375,3854.5568333333335,1595852970.0
645,3698.455078125,3689.7414999999996,1595856570.0
646,3681.699462890625,3683.3841666666663,1595860170.0
647,3663.039306640625,3695.898,1595863770.0
648,3784.827392578125,3800.5345,1595867370.0
649,3838.426513671875,3849.4558333333334,1595870970.0
650,3792.270263671875,3859.478,1595874570.0
651,3602.47509765625,3684.7304999999997,1595878170.0
652,3482.13232421875,3531.8438333333334,1595881770.0
653,3059.836181640625,3025.5056666666665,
654,2741.246826171875,2700.3523333333337,
655,2448.7744140625,2404.081,1595892570.0
656,2149.976806640625,2199.936333333333,1595896170.0
657,2149.976806640625,2200.4081666666666,1595899770.0
658,2096.494384765625,2137.8686666666667,1595903370.0
659,2055.40771484375,2077.841,1595906970.0
660,2056.8232421875,2038.6286666666667,1595910570.0
661,2146.025146484375,2146.2323333333334,1595914170.0
662,3176.33837890625,3194.0565,1595917770.0
663,3019.382568359375,3040.56,1595921370.0
664,2931.780029296875,2913.3051666666665,1595924970.0
665,2937.550048828125,2962.3068333333335,1595928570.0
666,3018.858642578125,3029.763833333333,1595932170.0
667,3060.789794921875,3068.0433333333335,1595935770.0
668,3166.043701171875,3148.960666666667,1595939370.0
669,3254.09423828125,3327.769333333333,1595942970.0
670,3696.77294921875,3739.862833333333,1595946570.0
671,3791.8876953125,3808.6436666666664,1595950170.0
672,3838.426513671875,3819.0905,1595953770.0
673,3860.101318359375,3897.246,1595957370.0
674,3791.8876953125,3820.9575,1595960970.0
675,3665.13525390625,3645.585,1595964570.0
676,3545.00634765625,3576.435166666667,1595968170.0
677,3506.845947265625,3534.8811666666666,
678,3413.882080078125,3383.1875,1595975370.0
679,2574.924072265625,2538.0906666666665,1595978970.0
680,2444.40380859375,2457.6686666666665,1595982570.0
681,2447.248779296875,2452.0376666666666,1595986170.0
682,2444.40380859375,2452.0018333333333,1595989770.0
683,2313.787109375,2380.9195000000004,1595993370.0
684,880.4061279296875,921.7206666666666,1595996970.0
685,1132.03564453125,1005.3583333333333,1596000570.0
686,909.9437255859375,810.1583333333333,1596004170.0
687,827.6651611328125,863.2546666666666,1596007770.0
688,843.9632568359375,874.6291666666667,1596011370.0
689,843.9632568359375,864.184,1596014970.0
690,819.0775146484375,872.4721666666667,1596018570.0
691,819.0775146484375,871.3018333333333,1596022170.0
692,870.7637939453125,937.5478333333334,1596025770.0
693,930.2716674804688,967.2383333333333,1596029370.0
694,913.9735717773438,961.1129999999999,1596032970.0
695,909.9437255859375,915.5490000000001,1596036570.0
696,956.8866577148438,893.8185,1596040170.0
697,956.8866577148438,904.4254999999999,1596043770.0
698,956.8866577148438,892.357,1596047370.0
699,893.4247436523438,896.6331666666666,1596050970.0
700,1023.07958984375,884.3076666666667,
701,2199.562255859375,2339.5845,
702,2741.246826171875,2683.1923333333334,1596061770.0
703,2672.403564453125,2682.3941666666665,1596065370.0
704,2823.63623046875,2772.349,1596068970.0
705,3503.275634765625,3539.8281666666667,1596072570.0
706,3508.410400390625,3539.825,1596076170.0
707,3831.328125,3825.633333333333,1596079770.0
708,3880.581298828125,3911.837,1596083370.0
709,3919.547119140625,3915.2556666666665,1596086970.0
710,3944.677001953125,3912.9085,1596090570.0
711,3825.6748046875,3819.7271666666666,1596094170.0
712,3836.10009765625,3819.5825,1596097770.0
713,3828.057373046875,3800.3585000000003,1596101370.0
714,3828.057373046875,3792.1544999999996,1596104970.0
715,3756.17236328125,3767.363166666667,1596108570.0
716,3756.17236328125,3759.9716666666664,1596112170.0
717,3271.285888671875,3306.0181666666667,1596115770.0
718,3177.425537109375,3214.400333333333,1596119370.0
719,3169.3828125,3186.585833333333,1596122970.0
720,3159.68212890625,3147.6423333333337,1596126570.0
721,1371.73876953125,1361.4083333333333,1596130170.0
722,548.6509399414062,580.6141666666666,1596133770.0
723,3132.59375,3058.5915,1596137370.0
724,3003.754638671875,2954.2960000000003,1596140970.0
725,4021.41552734375,4040.8304999999996,
726,3948.63916015625,3959.8818333333334,1596148170.0
727,3752.715087890625,3748.2876666666666,1596151770.0
728,3752.715087890625,3773.987666666667,1596155370.0
729,3752.715087890625,3724.5378333333333,1596158970.0
730,3750.07177734375,3716.043,1596162570.0
731,3744.239013671875,3722.5418333333337,1596166170.0
732,3729.85302734375,3700.369833333333,1596169770.0
733,3684.828125,3693.7343333333333,1596173370.0
734,3641.674560546875,3648.276833333333,1596176970.0
735,3635.466552734375,3636.766666666667,1596180570.0
736,3557.688232421875,3520.2211666666667,1596184170.0
737,3068.271484375,3049.358333333333,1596187770.0
738,3039.0107421875,3009.6811666666667,1596191370.0
739,3030.572265625,2990.202166666667,1596194970.0
740,2839.181396484375,2886.485333333333,1596198570.0
741,2186.878662109375,2186.4610000000002,1596202170.0
742,2159.157958984375,2131.1704999999997,1596205770.0
743,2071.966064453125,2108.8481666666667,1596209370.0
744,1703.0345458984375,1772.9039999999998,1596212970.0
745,1897.9771728515625,1891.9278333333334,1596216570.0
746,3199.602294921875,3222.3399999999997,1596220170.0
747,3200.3203125,3214.787333333333,1596223770.0
748,3197.48095703125,3194.7855,1596227370.0
749,3192.845703125,3175.8886666666667,1596230970.0
750,3197.48095703125,3209.1071666666667,1596234570.0
751,3197.48095703125,3196.5983333333334,1596238170.0
752,3195.2060546875,3192.3721666666665,1596241770.0
753,3197.48095703125,3202.7690000000002,1596245370.0
754,3199.602294921875,3220.9578333333334,1596248970.0
755,3199.602294921875,3217.2438333333334,1596252570.0
756,3197.48095703125,3207.7803333333336,1596256170.0
757,3197.48095703125,3192.9798333333333,1596259770.0
758,3197.48095703125,3186.999666666667,1596263370.0
759,3197.48095703125,3204.4326666666666,1596266970.0
760,3197.48095703125,3178.338333333333,1596270570.0
761,3065.13720703125,3051.5566666666664,1596274170.0
762,2244.031982421875,2275.687166666667,1596277770.0
763,2260.93408203125,2253.3676666666665,1596281370.0
764,2238.14501953125,2250.21,1596284970.0
765,2206.46240234375,2222.8771666666667,1596288570.0
766,2167.23876953125,2227.9471666666664,1596292170.0
767,3210.407958984375,3179.902666666667,1596295770.0
768,3357.012939453125,3327.6645,1596299370.0
769,3504.357666015625,3485.1833333333334,1596302970.0
770,3665.9365234375,3670.7163333333333,1596306570.0
771,3642.12841796875,3628.072,1596310170.0
772,3635.290283203125,3644.353,
773,3646.454833984375,3639.1435,
774,3644.6943359375,3638.3788333333337,
775,3635.290283203125,3645.6434999999997,1596324570.0
776,3664.53759765625,3656.3721666666665,1596328170.0
777,3650.075927734375,3655.116666666667,1596331770.0
778,3678.6591796875,3666.3996666666667,1596335370.0
779,3665.9365234375,3690.066,1596338970.0
780,3665.9365234375,3665.2355000000002,1596342570.0
781,3665.9365234375,3669.1178333333332,1596346170.0
782,3669.879150390625,3666.132,1596349770.0
783,3466.734130859375,3426.051,1596353370.0
784,2876.384033203125,2877.869833333333,1596356970.0
785,2890.5458984375,2871.567666666667,1596360570.0
786,2853.3330078125,2837.7046666666665,1596364170.0
787,2824.19775390625,2825.568,1596367770.0
788,554.4805908203125,526.3225,1596371370.0
789,2284.29150390625,2270.2913333333336,1596374970.0
790,3210.407958984375,3212.5299999999997,1596378570.0
791,3210.407958984375,3190.991666666667,1596382170.0
792,3210.407958984375,3203.074833333333,
793,3210.407958984375,3213.8571666666667,
794,3166.512451171875,3196.825333333333,
795,3335.4970703125,3317.9908333333337,
796,3697.47412109375,3726.5046666666667,
797,3692.06298828125,3706.8296666666665,
798,3692.06298828125,3708.726333333333,1596407370.0
799,3695.197265625,3698.1240000000003,1596410970.0
800,3665.9365234375,3677.2284999999997,1596414570.0
801,3680.398193359375,3682.072,1596418170.0
802,3669.879150390625,3679.639666666667,1596421770.0
803,3701.467041015625,3685.3096666666665,1596425370.0
804,3695.197265625,3690.023166666667,1596428970.0
805,3665.9365234375,3682.4578333333334,1596432570.0
806,3230.51025390625,3220.9055,1596436170.0
807,2625.05126953125,2627.724166666667,1596439770.0
808,2429.990234375,2438.736166666667,1596443370.0
809,2443.808349609375,2434.2445000000002,1596446970.0
810,2429.990234375,2435.740166666667,1596450570.0
811,1351.61474609375,1382.343,1596454170.0
812,1192.92431640625,1212.192,1596457770.0
813,2092.34375,2184.6873333333333,1596461370.0
814,2458.75537109375,2463.926,1596464970.0
815,2440.956298828125,2447.0445000000004,1596468570.0
816,2824.18115234375,2827.324666666667,1596472170.0
817,2740.1376953125,2727.5211666666664,1596475770.0
818,2815.785400390625,2820.9321666666665,1596479370.0
819,2866.296875,2894.31,
820,2860.480712890625,2878.9826666666663,
821,2866.296875,2875.2191666666668,
822,2922.238037109375,2897.442666666667,1596493770.0
823,2923.00439453125,2908.4561666666664,1596497370.0
824,2892.002685546875,2825.8168333333333,1596500970.0
825,2861.2470703125,2852.6475,1596504570.0
826,2865.530517578125,2877.4573333333333,1596508170.0
827,2945.98681640625,2973.2936666666665,1596511770.0
828,2468.341552734375,2410.4105,1596515370.0
829,2058.752197265625,2108.9345000000003,1596518970.0
830,2064.59912109375,2118.4708333333333,1596522570.0
831,2071.08349609375,2110.774,1596526170.0
832,2037.8529052734375,2078.2348333333334,1596529770.0
833,2002.955322265625,2052.2405,1596533370.0
834,2037.4698486328125,2042.6290000000001,1596536970.0
835,843.4338989257812,716.0551666666667,1596540570.0
836,1035.3175048828125,1028.7596666666666,1596544170.0
837,993.0673217773438,1025.5366666666666,1596547770.0
838,1054.0650634765625,912.1991666666667,1596551370.0
839,956.8695068359375,977.7736666666666,1596554970.0
840,956.8695068359375,981.0258333333334,1596558570.0
841,907.1466064453125,983.9235000000001,1596562170.0
842,1009.35888671875,993.9631666666667,1596565770.0
843,993.0673217773438,1025.4151666666667,1596569370.0
844,993.0673217773438,1023.5321666666666,1596572970.0
845,993.0673217773438,1027.2015000000001,
846,993.0673217773438,1025.0798333333335,
847,993.0673217773438,1021.9608333333333,1596583770.0
848,993.0673217773438,1033.4666666666667,1596587370.0
849,993.0673217773438,1036.5065,1596590970.0
850,993.0673217773438,1025.4578333333334,1596594570.0
851,958.0234375,972.8878333333333,1596598170.0
852,2341.151611328125,2271.0789999999997,1596601770.0
853,3234.862548828125,3267.5803333333333,1596605370.0
854,3927.001708984375,3911.676833333333,1596608970.0
855,4227.44677734375,4198.551833333333,1596612570.0
856,4072.469482421875,4068.65,1596616170.0
857,3919.20263671875,3897.8198333333335,1596619770.0
858,3645.856201171875,3650.874333333333,1596623370.0
859,3600.0029296875,3582.7476666666666,1596626970.0
860,3645.856201171875,3650.4825,1596630570.0
861,3651.04638671875,3650.277,1596634170.0
862,3757.175537109375,3766.2526666666668,1596637770.0
863,3730.97412109375,3707.481,1596641370.0
864,3420.233642578125,3420.6858333333334,1596644970.0
865,3420.233642578125,3397.6738333333333,1596648570.0
866,3470.80419921875,3492.5353333333333,1596652170.0
867,2781.656494140625,2765.8733333333334,1596655770.0
868,2651.067138671875,2604.6985,
869,2503.544189453125,2537.1825000000003,
870,2037.5986328125,2124.879,1596666570.0
871,2046.5030517578125,2038.8873333333331,1596670170.0
872,2040.02001953125,2048.0938333333334,1596673770.0
873,1753.646240234375,1742.2455,1596677370.0
874,1787.34814453125,1774.3633333333335,1596680970.0
875,3315.280517578125,3316.7275,1596684570.0
876,3445.43310546875,3500.7271666666666,1596688170.0
877,3322.061767578125,3282.1408333333334,1596691770.0
878,3041.106201171875,3030.264333333333,1596695370.0
879,2919.017578125,2940.8545,1596698970.0
880,2919.017578125,2920.364,1596702570.0
881,3053.320068359375,3089.156,1596706170.0
882,3471.283447265625,3480.650833333333,1596709770.0
883,3468.60009765625,3435.6548333333335,1596713370.0
884,3471.283447265625,3489.958833333333,1596716970.0
885,3468.60009765625,3450.512,1596720570.0
886,3433.629638671875,3430.9294999999997,1596724170.0
887,3397.700439453125,3415.9195000000004,1596727770.0
888,3111.09716796875,3136.3735,1596731370.0
889,2922.960205078125,2930.798166666667,1596734970.0
890,2852.466552734375,2799.737833333333,1596738570.0
891,2783.580322265625,2777.991,1596742170.0
892,2854.847900390625,2878.675166666667,1596745770.0
893,2855.877685546875,2877.6216666666664,
894,2672.5419921875,2653.733833333333,1596752970.0
895,2323.421875,2205.1915,1596756570.0
896,1821.614013671875,1923.0086666666668,1596760170.0
897,2826.293212890625,2828.213166666667,1596763770.0
898,2688.59912109375,2651.1801666666665,1596767370.0
899,2719.976318359375,2712.8661666666667,1596770970.0
900,2751.72802734375,2703.133333333333,1596774570.0
901,2722.6826171875,2658.0105,1596778170.0
902,2634.615234375,2691.5023333333334,1596781770.0
903,2612.474853515625,2724.8335,1596785370.0
904,2723.361572265625,2761.1535,1596788970.0
905,2777.864013671875,2814.1933333333336,1596792570.0
906,2940.421875,2923.7081666666663,1596796170.0
907,3184.670166015625,3199.3675,1596799770.0
908,3315.280517578125,3350.6358333333333,1596803370.0
909,3234.018798828125,3285.1678333333334,1596806970.0
910,3206.179931640625,3181.8403333333335,1596810570.0
911,2960.913330078125,2973.5466666666666,1596814170.0
912,2560.22216796875,2497.7445000000002,1596817770.0
913,2525.6962890625,2575.6635,1596821370.0
914,2669.12353515625,2639.5170000000003,1596824970.0
915,2681.461669921875,2637.1345,1596828570.0
916,2394.29248046875,2458.210833333333,1596832170.0
917,2162.683837890625,2200.0065000000004,1596835770.0
918,2349.352294921875,2427.443,1596839370.0
919,2792.715087890625,2809.970333333333,1596842970.0
920,3326.42431640625,3236.1515,1596846570.0
921,3406.322509765625,3427.0941666666668,1596850170.0
922,3332.523681640625,3319.3788333333337,1596853770.0
923,3070.75732421875,3073.6653333333334,1596857370.0
924,3196.881591796875,3121.5285,1596860970.0
925,3216.788330078125,3218.5533333333337,1596864570.0
926,3464.4111328125,3437.2941666666666,1596868170.0
927,3358.567138671875,3375.3406666666665,1596871770.0
928,3413.469482421875,3395.1595,1596875370.0
929,3413.469482421875,3393.289166666667,1596878970.0
930,3267.877197265625,3207.026833333333,1596882570.0
931,2975.619384765625,2957.991,1596886170.0
932,3167.540283203125,3147.3088333333335,1596889770.0
933,3179.952392578125,3184.425666666667,1596893370.0
934,2996.850830078125,3017.313833333333,1596896970.0
935,2967.16015625,2962.302333333333,1596900570.0
936,2956.445556640625,2931.5101666666665,1596904170.0
937,2907.285400390625,2923.4615,1596907770.0
938,2860.661376953125,2912.9293333333335,1596911370.0
939,2574.641357421875,2611.7275,1596914970.0
940,1972.393310546875,1942.7276666666667,
941,2968.227294921875,2966.623666666667,
942,3386.233642578125,3327.2028333333337,
943,3307.572509765625,3305.136833333333,1596929370.0
944,3257.510498046875,3238.8188333333333,1596932970.0
945,3209.65234375,3191.311,1596936570.0
946,3209.65234375,3225.9649999999997,1596940170.0
947,3311.4970703125,3308.101,1596943770.0
948,3522.9609375,3511.820833333333,1596947370.0
949,3431.7509765625,3445.9736666666668,1596950970.0
950,3401.563720703125,3363.9043333333334,1596954570.0
951,3437.949951171875,3419.0135,1596958170.0
952,3377.64501953125,3399.6431666666667,1596961770.0
953,3370.553466796875,3339.4601666666663,1596965370.0
954,3384.830322265625,3361.976833333333,1596968970.0
955,3437.949951171875,3433.2726666666663,1596972570.0
956,3437.949951171875,3461.7716666666665,1596976170.0
957,3304.8056640625,3227.0745,1596979770.0
958,3143.115234375,3134.187833333333,1596983370.0
959,3082.090087890625,3097.4135,1596986970.0
960,2967.526123046875,2970.3945000000003,
961,2812.403564453125,2802.3483333333334,
962,2259.235595703125,2218.406,
963,2708.24560546875,2784.6168333333335,
964,2815.06005859375,2851.6721666666663,
965,2838.436279296875,2892.2066666666665,
966,2852.633056640625,2854.711333333333,1597012170.0
967,2955.04052734375,2974.2236666666668,1597015770.0
968,3006.615966796875,3035.7846666666665,1597019370.0
969,3267.46630859375,3319.2543333333333,1597022970.0
970,3508.803466796875,3431.610833333333,1597026570.0
971,3413.469482421875,3408.121833333333,1597030170.0
972,3429.85498046875,3440.108333333333,1597033770.0
973,3476.348876953125,3485.9546666666665,1597037370.0
974,3433.797607421875,3442.0833333333335,1597040970.0
975,3377.64501953125,3381.8821666666668,1597044570.0
976,2992.98046875,2983.0695,1597048170.0
977,2518.8994140625,2519.7678333333333,1597051770.0
978,2317.21484375,2302.514666666667,1597055370.0
979,2323.181884765625,2361.412,1597058970.0
980,2320.3369140625,2354.675166666667,1597062570.0
981,2300.586181640625,2355.5853333333334,1597066170.0
982,1339.44189453125,1501.7646666666667,1597069770.0
983,1270.47216796875,1253.8266666666668,1597073370.0
984,919.1448364257812,950.4058333333334,1597076970.0
985,887.6260375976562,948.5508333333333,1597080570.0
986,1098.3231201171875,1101.573,1597084170.0
987,1228.692138671875,1176.8573333333334,1597087770.0
988,1250.6949462890625,1135.1716666666666,
989,1109.443359375,1117.2681666666665,
990,923.25537109375,957.3843333333333,1597098570.0
991,1042.913818359375,1108.5345,1597102170.0
992,1194.024169921875,1131.2694999999999,1597105770.0
993,1194.14990234375,1167.5601666666666,1597109370.0
994,1248.11474609375,1175.6273333333334,1597112970.0
995,1457.6654052734375,1425.502,1597116570.0
996,3083.506103515625,3052.435,1597120170.0
997,2743.81884765625,2701.017,1597123770.0
998,2728.739013671875,2679.3446666666664,1597127370.0
999,2743.69775390625,2723.548333333333,1597130970.0
1000,2743.81884765625,2723.0266666666666,1597134570.0
1001,2845.683349609375,2831.7356666666665,1597138170.0
1002,3322.45947265625,3348.4829999999997,1597141770.0
1003,3268.745361328125,3302.025333333333,1597145370.0
1004,3350.8466796875,3302.0531666666666,1597148970.0
1005,3340.498291015625,3333.4718333333335,1597152570.0
1006,3200.111083984375,3237.8605000000002,1597156170.0
1007,2388.611572265625,2372.6293333333333,1597159770.0
1008,2780.8779296875,2706.4905,1597163370.0
1009,2739.186767578125,2745.2233333333334,1597166970.0
1010,2808.70556640625,2796.250666666667,1597170570.0
1011,2256.078857421875,2300.347666666667,1597174170.0
1012,2066.79296875,2093.1704999999997,
1013,2050.224609375,2031.4833333333333,
1014,2037.85400390625,2038.3483333333331,1597184970.0
1015,2035.193603515625,2021.1163333333332,1597188570.0
1016,2061.443603515625,2062.276,1597192170.0
1017,1298.18408203125,1368.6191666666666,1597195770.0
1018,2060.172607421875,2163.1665000000003,1597199370.0
1019,2956.797119140625,2945.6043333333337,1597202970.0
1020,2777.6728515625,2752.2858333333334,1597206570.0
1021,2797.4462890625,2768.1205,1597210170.0
1022,2835.807861328125,2803.4455000000003,1597213770.0
1023,2853.3330078125,2841.987333333333,1597217370.0
1024,3019.83154296875,3058.0096666666664,1597220970.0
1025,3523.548095703125,3510.547833333333,1597224570.0
1026,3474.687255859375,3473.127333333333,1597228170.0
1027,3633.189697265625,3641.1549999999997,1597231770.0
1028,3658.09814453125,3648.7456666666667,1597235370.0
1029,3536.0986328125,3563.3923333333337,1597238970.0
1030,3386.804931640625,3365.6014999999998,1597242570.0
1031,3020.834716796875,3082.065,1597246170.0
1032,2893.638427734375,2907.086666666667,1597249770.0
1033,2751.37158203125,2639.388,1597253370.0
1034,2492.517333984375,2506.7965,1597256970.0
1035,2349.694091796875,2390.6705,1597260570.0
1036,2271.08251953125,2247.3163333333337,
1037,2166.626953125,2145.0021666666667,
1038,2043.2030029296875,2057.6953333333336,1597271370.0
1039,1057.860595703125,1158.0725,1597274970.0
1040,1891.510009765625,1961.394,1597278570.0
1041,3077.2060546875,3085.1135,1597282170.0
1042,3002.0625,3032.3748333333333,1597285770.0
1043,2847.486083984375,2862.8478333333333,1597289370.0
1044,2889.02734375,2921.5965,1597292970.0
1045,3604.571044921875,3634.6164999999996,1597296570.0
1046,3685.1083984375,3701.9455000000003,1597300170.0
1047,3968.452880859375,3983.8355,1597303770.0
1048,3686.412109375,3711.494,1597307370.0
1049,3526.47509765625,3498.711333333333,1597310970.0
1050,3420.44482421875,3402.2315000000003,1597314570.0
1051,3207.341796875,3175.369,1597318170.0
1052,3329.552978515625,3343.641,1597321770.0
1053,3331.68505859375,3343.4338333333335,1597325370.0
1054,3164.636474609375,3178.3643333333334,1597328970.0
1055,2909.5751953125,2921.4906666666666,1597332570.0
1056,2889.181640625,2877.625333333333,1597336170.0
1057,2759.435302734375,2703.2198333333336,1597339770.0
1058,2463.49853515625,2455.574333333333,1597343370.0
1059,2241.072998046875,2227.646333333333,1597346970.0
1060,1611.439453125,1601.5888333333335,
1061,1935.9722900390625,2054.1600000000003,
1062,3343.509521484375,3311.4610000000002,1597357770.0
1063,3150.683837890625,3149.3206666666665,1597361370.0
1064,3148.097412109375,3175.6725,1597364970.0
1065,3182.66064453125,3217.21,1597368570.0
1066,3661.033203125,3675.3643333333334,1597372170.0
1067,3589.373779296875,3610.6988333333334,1597375770.0
1068,3623.513671875,3603.2198333333336,1597379370.0
1069,3596.2666015625,3602.3433333333332,1597382970.0
1070,3587.189697265625,3591.5433333333335,1597386570.0
1071,3587.189697265625,3598.8340000000003,1597390170.0
1072,3232.0634765625,3125.7076666666667,1597393770.0
1073,3019.382568359375,2996.8415,1597397370.0
1074,3009.9306640625,2993.8201666666664,1597400970.0
1075,3102.470947265625,3069.9301666666665,1597404570.0
1076,3102.470947265625,3073.789333333333,1597408170.0
1077,2784.2451171875,2674.101,1597411770.0
1078,2563.1484375,2533.4836666666665,1597415370.0
1079,2000.3924560546875,2133.721666666667,1597418970.0
1080,2058.993896484375,2106.333,1597422570.0
1081,1614.2938232421875,1542.3721666666668,1597426170.0
1082,2310.236083984375,2411.8591666666666,1597429770.0
1083,3267.741455078125,3281.5299999999997,1597433370.0
1084,3142.20361328125,3172.0465,
1085,2991.57421875,2954.912333333333,
1086,3391.98291015625,3327.7656666666667,1597444170.0
1087,3750.07177734375,3764.662,1597447770.0
1088,3730.540771484375,3692.9868333333334,1597451370.0
1089,3614.46435546875,3622.683,1597454970.0
1090,3472.804931640625,3482.1573333333336,1597458570.0
1091,3451.505615234375,3484.7909999999997,1597462170.0
1092,3406.322509765625,3410.1788333333334,1597465770.0
1093,3017.354736328125,3050.5899999999997,1597469370.0
1094,2845.00634765625,2815.4211666666665,1597472970.0
1095,2780.1376953125,2791.8258333333333,1597476570.0
1096,2777.221923828125,2783.6865000000003,1597480170.0
1097,2545.408447265625,2585.3528333333334,1597483770.0
1098,2465.46630859375,2466.5440000000003,1597487370.0
1099,2485.484130859375,2489.252333333333,1597490970.0
1100,2506.16552734375,2498.7843333333335,1597494570.0
1101,2510.71044921875,2500.4825,1597498170.0
1102,2304.1884765625,2282.9015,1597501770.0
1103,2460.2255859375,2429.4886666666666,1597505370.0
1104,3161.775634765625,3188.388,1597508970.0
1105,3035.925537109375,3042.1133333333332,1597512570.0
1106,2962.3857421875,2928.6136666666666,1597516170.0
1107,3332.3154296875,3328.938166666667,1597519770.0
1108,3389.380615234375,3382.2174999999997,1597523370.0
1109,3389.380615234375,3383.7186666666666,
1110,3389.380615234375,3396.8935,
1111,3387.24462890625,3389.3745,1597534170.0
1112,3366.656494140625,3370.771,1597537770.0
1113,3249.4267578125,3290.3458333333333,1597541370.0
1114,3099.08203125,3139.761833333333,1597544970.0
1115,2896.748779296875,3004.8433333333332,1597548570.0
1116,2767.158935546875,2924.911333333333,1597552170.0
1117,2970.7041015625,2912.5325000000003,
1118,2878.85986328125,2899.3305000000005,
1119,2779.50634765625,2866.2466666666664,
1120,2767.479248046875,2887.3255,
1121,2755.755859375,2895.504,
1122,2536.459716796875,2686.3078333333333,
1123,2038.512451171875,2030.1203333333333,
1124,827.8458251953125,816.2191666666666,1597580970.0
1125,518.1094970703125,567.797,1597584570.0
1126,723.4825439453125,1018.3586666666666,1597588170.0
1127,723.4825439453125,1026.9506666666666,1597591770.0
1128,732.831298828125,1022.1561666666668,
1129,961.5598754882812,1004.8033333333333,
1130,961.5598754882812,1004.12,
1131,961.5598754882812,1004.12,
1132,961.5598754882812,1004.12,
1133,961.5598754882812,1004.12,1597613370.0
1134,961.5598754882812,1004.12,1597616970.0
1135,961.5598754882812,1004.12,1597620570.0
1136,961.5598754882812,1004.12,1597624170.0
1137,961.5598754882812,1004.12,1597627770.0
1138,961.5598754882812,1004.12,1597631370.0
1139,961.5598754882812,1004.12,1597634970.0
1140,961.5598754882812,1004.12,1597638570.0
1141,961.5598754882812,1004.12,1597642170.0
1142,961.5598754882812,1004.12,1597645770.0
1143,961.5598754882812,1004.12,1597649370.0
1144,961.5598754882812,1004.12,1597652970.0
1145,961.5598754882812,1004.12,1597656570.0
1146,961.5598754882812,1004.12,1597660170.0
1147,961.5598754882812,1004.12,1597663770.0
1148,961.5598754882812,1004.12,1597667370.0
1149,961.5598754882812,1004.12,1597670970.0
1150,961.5598754882812,1004.12,1597674570.0
1151,961.5598754882812,1004.12,1597678170.0
1152,1515.7801513671875,1757.9548333333332,1597681770.0
1153,3161.775634765625,3164.2251666666666,1597685370.0
1154,3161.775634765625,3160.705,1597688970.0
1155,3161.775634765625,3174.3778333333335,1597692570.0
1156,3073.624755859375,3083.4471666666664,
1157,3075.325927734375,3069.6034999999997,
1158,3174.11767578125,3129.1745,1597703370.0
1159,3139.218505859375,3154.6046666666666,1597706970.0
1160,3135.825439453125,3146.523666666667,1597710570.0
1161,3068.271484375,3041.862166666667,1597714170.0
1162,2879.50048828125,2903.9296666666664,1597717770.0
1163,2401.3173828125,2343.7538333333337,1597721370.0
1164,1907.30126953125,1996.2770000000003,1597724970.0
1165,2191.393310546875,2158.5935,1597728570.0
1166,2382.461181640625,2430.9278333333336,1597732170.0
1167,2145.260986328125,2196.5440000000003,1597735770.0
1168,1982.360107421875,1908.6699999999998,1597739370.0
1169,1686.0689697265625,1614.4286666666667,1597742970.0
1170,708.9778442382812,691.1791666666667,1597746570.0
1171,3404.248046875,3407.6971666666664,1597750170.0
1172,3255.117431640625,3304.6426666666666,1597753770.0
1173,3185.69921875,3158.8796666666667,1597757370.0
1174,3023.94580078125,3033.057,1597760970.0
1175,3494.081298828125,3438.4689999999996,1597764570.0
1176,3445.490234375,3432.8776666666668,1597768170.0
1177,3392.279296875,3413.5595000000003,1597771770.0
1178,3463.26708984375,3451.7361666666666,1597775370.0
1179,3392.279296875,3395.1865000000003,1597778970.0
1180,3460.495849609375,3470.0306666666665,
1181,3539.343505859375,3573.8598333333334,
1182,3432.584716796875,3467.3165,1597789770.0
1183,3359.65625,3354.4961666666663,1597793370.0
1184,3370.553466796875,3376.363166666667,1597796970.0
1185,3403.387939453125,3416.4348333333332,1597800570.0
1186,2938.8330078125,2819.8605000000002,1597804170.0
1187,2855.0341796875,2901.1215,1597807770.0
1188,2940.619873046875,2915.862833333333,1597811370.0
1189,2970.5947265625,2946.5441666666666,1597814970.0
1190,2832.174072265625,2800.3968333333332,1597818570.0
1191,2275.54638671875,2377.8333333333335,1597822170.0
1192,1320.9375,1205.1665,1597825770.0
1193,2957.656005859375,2887.9595,1597829370.0
1194,3288.6923828125,3280.220333333333,1597832970.0
1195,3070.7626953125,3067.2183333333332,1597836570.0
1196,2786.092529296875,2930.6560000000004,1597840170.0
1197,3500.668701171875,3491.113,1597843770.0
1198,3409.02978515625,3421.5313333333334,1597847370.0
1199,3110.42041015625,3095.023,1597850970.0
1200,2879.58203125,2888.1138333333333,1597854570.0
1201,2937.763916015625,2892.7995,1597858170.0
1202,2938.8525390625,2923.601166666667,1597861770.0
1203,2794.78125,2814.355,
1204,2835.27197265625,2812.8399999999997,
1205,2819.343017578125,2872.6438333333335,
1206,2812.525390625,2840.4485,1597876170.0
1207,2816.418212890625,2838.0845,1597879770.0
1208,2726.246826171875,2738.6738333333333,1597883370.0
1209,2811.73779296875,2847.125833333333,1597886970.0
1210,2837.8466796875,2842.85,1597890570.0
1211,2837.8466796875,2839.5281666666665,1597894170.0
1212,2383.368896484375,2306.4296666666664,1597897770.0
1213,2222.192626953125,2179.64,1597901370.0
1214,2222.192626953125,2179.64,1597904970.0
1215,2222.192626953125,2179.64,1597908570.0
1216,2222.192626953125,2179.64,1597912170.0
1217,2222.192626953125,2179.64,1597915770.0
1218,2222.192626953125,2539.1066666666666,1597919370.0
1219,2682.683837890625,3042.36,1597922970.0
1220,3221.900390625,3067.3866666666668,1597926570.0
1221,3135.87255859375,3145.0028333333335,1597930170.0
1222,3151.034912109375,3151.4446666666668,1597933770.0
1223,3157.38671875,3171.0168333333336,1597937370.0
1224,3114.743408203125,3123.6173333333336,1597940970.0
1225,3100.29443359375,3109.3731666666667,1597944570.0
1226,2959.71630859375,2960.6316666666667,1597948170.0
1227,2959.71630859375,2960.616,
1228,2886.690673828125,2807.4376666666667,
1229,2704.808837890625,2694.4908333333337,
1230,2716.0087890625,2731.9591666666665,1597962570.0
1231,2746.52880859375,2733.7141666666666,1597966170.0
1232,2712.303955078125,2738.3778333333335,1597969770.0
1233,2435.26220703125,2382.1726666666664,1597973370.0
1234,2310.16748046875,2298.513833333333,1597976970.0
1235,2054.47607421875,2115.4043333333334,1597980570.0
1236,2028.8951416015625,2061.6541666666667,1597984170.0
1237,1957.1031494140625,2024.8896666666667,1597987770.0
1238,2247.556884765625,2221.2186666666666,1597991370.0
1239,3347.60205078125,3370.7725,1597994970.0
1240,3191.809814453125,3203.112333333333,1597998570.0
1241,3003.453125,3024.612833333333,1598002170.0
1242,2930.4287109375,2961.3653333333336,1598005770.0
1243,2879.89892578125,2899.4455000000003,1598009370.0
1244,2879.89892578125,2876.3011666666666,1598012970.0
1245,2891.419677734375,2885.4076666666665,1598016570.0
1246,2894.388916015625,2918.218,1598020170.0
1247,2926.383544921875,2953.135333333333,1598023770.0
1248,3056.297119140625,3015.108,1598027370.0
1249,2990.869140625,2954.5581666666667,1598030970.0
1250,2901.716064453125,2910.137333333333,1598034570.0
1251,2917.365478515625,2894.5661666666665,
1252,2917.365478515625,2898.4096666666665,
1253,2935.61865234375,2947.8533333333335,
1254,2901.716064453125,2927.2193333333335,1598048970.0
1255,2397.6640625,2431.7366666666667,1598052570.0
1256,2130.2392578125,2118.1496666666667,1598056170.0
1257,2031.778076171875,2056.9013333333332,1598059770.0
1258,1955.1727294921875,1949.8136666666667,1598063370.0
1259,1961.26123046875,1898.416,1598066970.0
1260,2477.453125,2475.9328333333333,1598070570.0
1261,2312.54833984375,2331.487166666667,1598074170.0
1262,2254.6904296875,2268.413333333333,1598077770.0
1263,2530.30908203125,2504.498,1598081370.0
1264,2531.1416015625,2549.184,1598084970.0
1265,2465.46630859375,2461.5223333333333,1598088570.0
1266,2434.0927734375,2466.6225,1598092170.0
1267,2430.621826171875,2406.9818333333333,1598095770.0
1268,2319.815185546875,2326.874166666667,1598099370.0
1269,2253.0048828125,2249.0685000000003,1598102970.0
1270,2193.914306640625,2214.0308333333332,1598106570.0
1271,1985.269775390625,2160.8913333333335,1598110170.0
1272,2235.977294921875,2219.7414999999996,1598113770.0
1273,2246.72265625,2247.475833333333,1598117370.0
1274,2246.72265625,2238.3683333333333,1598120970.0
1275,2140.282958984375,2143.7676666666666,1598124570.0
1276,2132.618896484375,2127.8920000000003,
1277,2083.914794921875,2082.6855,
1278,2038.3541259765625,2059.7136666666665,
1279,1440.5257568359375,1410.174,1598138970.0
1280,708.8208618164062,687.0025,1598142570.0
1281,723.5864868164062,853.3448333333333,1598146170.0
1282,935.4093017578125,930.673,1598149770.0
1283,817.4496459960938,880.9345,1598153370.0
1284,731.3910522460938,796.244,1598156970.0
1285,731.3910522460938,801.4288333333334,1598160570.0
1286,731.3910522460938,802.4735000000001,1598164170.0
1287,855.0528564453125,893.408,1598167770.0
1288,1071.5745849609375,1084.5253333333333,1598171370.0
1289,1157.6744384765625,1222.7421666666667,1598174970.0
1290,1243.5516357421875,1166.9773333333333,1598178570.0
1291,1233.801025390625,1197.6161666666667,1598182170.0
1292,1233.801025390625,1203.8841666666667,1598185770.0
1293,1250.818359375,1202.9385,1598189370.0
1294,1233.801025390625,1200.2546666666667,1598192970.0
1295,697.9761962890625,583.5715,1598196570.0
1296,874.8995361328125,867.632,1598200170.0
1297,3488.752685546875,3458.8078333333333,1598203770.0
1298,3347.60205078125,3363.0451666666663,1598207370.0
1299,3301.851318359375,3293.2085,1598210970.0
1300,3625.548583984375,3648.4958333333334,1598214570.0
1301,3761.420166015625,3752.5548333333336,1598218170.0
1302,3629.25,3623.216,1598221770.0
1303,3614.46435546875,3611.561,1598225370.0
1304,3492.312255859375,3540.784833333333,1598228970.0
1305,3437.012939453125,3430.6835,1598232570.0
1306,3421.44384765625,3461.2771666666667,1598236170.0
1307,3425.084716796875,3431.125,1598239770.0
1308,3433.43017578125,3427.2275,1598243370.0
1309,3474.994140625,3495.8450000000003,1598246970.0
1310,3181.310791015625,3235.2679999999996,1598250570.0
1311,3040.998779296875,3022.7585000000004,1598254170.0
1312,2936.0126953125,3011.5853333333334,1598257770.0
1313,3067.125244140625,3036.5429999999997,1598261370.0
1314,3018.858642578125,3050.44,1598264970.0
